iteration,effect_pp,in_95_ci,favours_treatment
1,-1.1404015219550812,1,0
2,-0.8531824420713263,1,0
3,-0.5863050304513479,1,0
4,-0.5472767883555024,1,0
5,-0.639647080398964,1,0
6,-0.6489179993511229,1,0
7,-0.8605281223678068,1,0
8,-0.6759322742086321,1,0
9,-0.9391502717450234,1,0
10,-0.6322491712355854,1,0
11,-0.7683518443355519,1,0
12,-0.9551594522224621,1,0
13,-0.5675542770794489,1,0
14,-0.5899122156680425,1,0
15,-1.132320063807743,1,0
16,-0.8367344800963017,1,0
17,-0.8350928117292461,1,0
18,-0.6688970163300778,1,0
19,-1.0710114887277855,1,0
20,-1.0748783428872337,1,0
21,-1.1731437100878872,1,0
22,-1.0143726759814036,1,0
23,-0.8544107056783851,1,0
24,-0.2074409610937744,0,0
25,-1.0799734606537381,1,0
26,-0.5268321377496527,1,0
27,-0.9442334388385959,1,0
28,-1.0900860905822651,1,0
29,-1.1793894858569687,1,0
30,-0.6232364458344603,1,0
31,-0.6347579273165954,1,0
32,-1.0863610215671282,1,0
33,-0.9305763278414841,1,0
34,-0.6838973239492507,1,0
35,-1.1707125596113588,1,0
36,-0.6986006352151491,1,0
37,-1.3417826066365186,1,0
38,-0.3003007881099945,0,0
39,-0.8129781652353146,1,0
40,-0.9859495495702836,1,0
41,-1.3223722056265235,1,0
42,-1.1488590574519009,1,0
43,-1.0199453780477348,1,0
44,-0.9395517258320885,1,0
45,-1.2562281817228156,1,0
46,-0.9694747354659528,1,0
47,-0.9632289596968713,1,0
48,-1.1039357401988608,1,0
49,-0.4818446409567856,1,0
50,-0.7968018228759782,1,0
51,-1.4105652210926134,0,0
52,-0.7927155779677397,1,0
53,-0.7661669367371199,1,0
54,-0.8035774118117789,1,0
55,-0.9319359013116368,1,0
56,-0.7250060159097377,1,0
57,-1.123371517946445,1,0
58,-0.6582291964972425,1,0
59,-0.957163771874342,1,0
60,-0.44792494269209615,1,0
61,-1.3001306754446578,1,0
62,-0.9611201823112037,1,0
63,-0.6958724883853462,1,0
64,-1.1525184715354881,1,0
65,-1.083929871090597,1,0
66,-0.5394161963486716,1,0
67,-1.0209408248413459,1,0
68,-1.180411784779889,1,0
69,-0.6148311392045386,1,0
70,-0.5651604540134414,1,0
71,-0.6277495215673501,1,0
72,-0.6246721495173774,1,0
73,-0.9197279200620967,1,0
74,-1.112224638422063,1,0
75,-1.0019587300477224,1,0
76,-1.15749718089527,1,0
77,-0.7756975246320325,1,0
78,-0.40953244688848034,1,0
79,-1.1315425323711992,1,0
80,-0.9594785139441481,1,0
81,-0.5948133194233401,1,0
82,-0.9984008229144858,1,0
83,-1.36805962825145,0,0
84,-0.5768251960316079,1,0
85,-0.9064991152813562,1,0
86,-0.932400059546809,1,0
87,-1.2576370332764264,1,0
88,-0.630128443176986,1,0
89,-1.2345940703121534,1,0
90,-0.5722867435611345,1,0
91,-0.5563029398212793,1,0
92,-0.7700203648319137,1,0
93,-1.082792639152677,1,0
94,-1.2406846348722715,1,0
95,-0.8126423660798021,1,0
96,-1.10812496744917,1,0
97,-0.34364661653580875,1,0
98,-0.6352369870081448,1,0
99,-0.8146989145985745,1,0
100,-1.009005938599214,1,0
101,-0.6486075769331939,1,0
102,-0.7472997749585014,1,0
103,-0.9901387768205927,1,0
104,-0.867497725314817,1,0
105,-0.8299066622936058,1,0
106,-0.9635125299854941,1,0
107,-1.2268872141225655,1,0
108,-0.6474569189306195,1,0
109,-1.0244465031076926,1,0
110,-0.8929718387556185,1,0
111,-1.0896846364952029,1,0
112,-0.47929708207353483,1,0
113,-0.9902163824250743,1,0
114,-0.7789942874308009,1,0
115,-0.7844908592843675,1,0
116,-0.47292294722479367,1,0
117,-0.3715533558448614,1,0
118,-0.8391641551811102,1,0
119,-1.3667671851045644,0,0
120,-0.7734469621020562,1,0
121,-0.784787855637642,1,0
122,-0.7405764148895932,1,0
123,-0.8095381419005204,1,0
124,-1.2453529218141246,1,0
125,-0.6859404464033714,1,0
126,-1.0184454948249906,1,0
127,-0.6329356710029904,1,0
128,-0.7950691228397866,1,0
129,-1.0432480099547643,1,0
130,-0.8730958041187314,1,0
131,-1.00909697026835,1,0
132,-1.1459368966108912,1,0
133,-0.8271904661367346,1,0
134,-0.6196158345531139,1,0
135,-1.3043721315618595,1,0
136,-0.6877895548462853,1,0
137,-1.2150926376330222,1,0
138,-1.16303255555108,1,0
139,-0.9401845213408783,1,0
140,-0.9960995069093315,1,0
141,-0.672866852831594,1,0
142,-1.19882526360455,1,0
143,-0.4800343353161124,1,0
144,-0.7901933958220725,1,0
145,-1.0278342975755916,1,0
146,-1.0305490183407402,1,0
147,-0.5856319567485946,1,0
148,-0.3123520827588516,0,0
149,-1.2784443351670975,1,0
150,-0.7375109935125551,1,0
151,-0.9720730478243789,1,0
152,-0.86599784209207,1,0
153,-0.8071980230931253,1,0
154,-0.792960345454119,1,0
155,-0.3006514887218842,0,0
156,-1.2489347302932274,1,0
157,-1.032541387319688,1,0
158,-0.79430649285962,1,0
159,-0.7401361580002902,1,0
160,-0.5635575884486294,1,0
161,-0.9354908576614362,1,0
162,-0.2922581327648943,0,0
163,-0.8988564386315984,1,0
164,-0.5821665566762141,1,0
165,-0.5575834322952333,1,0
166,-1.0482132932498915,1,0
167,-0.813806450147031,1,0
168,-0.8475440850734484,1,0
169,-0.7587570769008095,1,0
170,-1.1464279069753724,1,0
171,-1.023812232207183,1,0
172,-0.8342122979506372,1,0
173,-0.47914187086456894,1,0
174,-0.4130097976337954,1,0
175,-0.8152033510277046,1,0
176,-0.7664131796152218,1,0
177,-1.1692902819930961,1,0
178,-0.8439622765943428,1,0
179,-0.375987350581547,1,0
180,-0.9958413133583005,1,0
181,-0.834251100752878,1,0
182,-1.038490166735495,1,0
183,-1.0701846792077918,1,0
184,-0.57866235380159,1,0
185,-0.6999199304913467,1,0
186,-0.599107004407437,1,0
187,-0.5836022603591312,1,0
188,-1.1532691508427229,1,0
189,-0.5534464339118195,1,0
190,-0.46198203238455304,1,0
191,-1.1123664235663744,1,0
192,-0.6295598272080233,1,0
193,-0.5411996498600358,1,0
194,-1.0086432873143898,1,0
195,-0.945770649471861,1,0
196,-0.933874566031967,1,0
197,-0.6301672459792268,1,0
198,-0.6034394921937747,1,0
199,-0.8928688564135506,1,0
200,-0.9079989985041004,1,0
201,-1.470282881280685,0,0
202,-0.6047841642075558,1,0
203,-0.6581127880905202,1,0
204,-1.271073278133028,1,0
205,-0.4439028773236875,1,0
206,-0.9042873555536179,1,0
207,-0.4890470607172376,1,0
208,-0.19459870894372178,0,0
209,-0.9104943285204586,1,0
210,-0.6931174894262371,1,0
211,-1.429832361566577,0,0
212,-0.3638838270657946,1,0
213,-0.5666095837610102,1,0
214,-0.503401146762969,1,0
215,-0.9116703632606193,1,0
216,-0.5844678726813657,1,0
217,-1.1363794565866725,1,0
218,-0.4216747732064735,1,0
219,-1.3365845065279465,1,0
220,-0.908140783648409,1,0
221,-0.4998193382838634,1,0
222,-0.7139755447920809,1,0
223,-0.7634134131697307,1,0
224,-0.6948367633977742,1,0
225,-0.7979390548139009,1,0
226,-1.2255156899794784,1,0
227,-0.7828865183278327,1,0
228,-0.7718052937349978,1,0
229,-0.8697856152553141,1,0
230,-0.8792774003479858,1,0
231,-1.0165322068422467,1,0
232,-0.34937600520282275,1,0
233,-0.9741430224078057,1,0
234,-0.5098543626079088,1,0
235,-1.081835995161304,1,0
236,0.23961173001334768,0,1
237,-1.028234276270934,1,0
238,-0.8925062051287291,1,0
239,-0.8557553776921661,1,0
240,-0.9658929269868471,1,0
241,-0.7575288132937508,1,0
242,-0.9662302015340823,1,0
243,-0.7473908066276375,1,0
244,-0.941011330860872,1,0
245,-1.0660850082348987,1,0
246,-0.6971515054675803,1,0
247,-0.7441701740416334,1,0
248,-0.8469635184315538,1,0
249,-0.9404307642189774,1,0
250,-0.6807035434925557,1,0
251,-0.617830905650027,1,0
252,-0.4311531322344908,1,0
253,-0.7443641880528401,1,0
254,-0.8304618521979112,1,0
255,-1.197946225217661,1,0
256,-0.974880275650386,1,0
257,-0.8766014823850754,1,0
258,-1.04619554753336,1,0
259,-1.001285656344972,1,0
260,-0.6304910944618075,1,0
261,-0.5295229571689347,1,0
262,-0.9584188876107097,1,0
263,-0.7292608980915938,1,0
264,-0.6900013145740236,1,0
265,-0.9408053661767335,1,0
266,-1.2804874576212155,1,0
267,-0.845811385037254,1,0
268,-0.7184363916580755,1,0
269,-0.9830512900751431,1,0
270,-0.7374333879080736,1,0
271,-0.8824204273295055,1,0
272,-0.7692174566577864,1,0
273,-0.9790441261631089,1,0
274,-1.00772544612526,1,0
275,-0.9262318893822119,1,0
276,-0.6693238471547291,1,0
277,-1.1590104901826686,1,0
278,-0.6698163329109302,1,0
279,-0.8847739722015524,1,0
280,-0.7603479917926897,1,0
281,-0.6682895975588771,1,0
282,-1.1031328320247336,1,0
283,-1.1313753704893044,1,0
284,-0.6928070670083081,1,0
285,-0.7807926423985367,1,0
286,-0.7216316475064932,1,0
287,-1.4695187759087984,0,0
288,-0.837380701669746,1,0
289,-0.9552116810893574,1,0
290,-0.2517822363131972,0,0
291,-0.9420082530462032,1,0
292,-1.1954001417261273,1,0
293,-0.5924463484866388,1,0
294,-1.085429754313344,1,0
295,-1.1610789893743756,1,0
296,-0.8094739623606906,1,0
297,-1.1100128786943246,1,0
298,-0.8313931194516982,1,0
299,-0.5438501910853571,1,0
300,-0.6539101347755566,1,0
301,-0.9932683777374607,1,0
302,-0.6138998719507544,1,0
303,-1.1940674203852808,1,0
304,-0.599351771893819,1,0
305,-0.559626554749354,1,0
306,-0.9475033495080526,1,0
307,-0.7060881006559439,1,0
308,-1.0109968321864367,1,0
309,-0.723519558751648,1,0
310,-1.0020617123897928,1,0
311,-0.7733439797599856,1,0
312,-1.0084895514971466,1,0
313,-1.6153982797817767,0,0
314,-0.5505750265459852,1,0
315,-0.7327009214263908,1,0
316,-0.9859107467680428,1,0
317,-0.7758527358409983,1,0
318,-0.8764582218490469,1,0
319,-0.9660735149333965,1,0
320,-0.8391775812457647,1,0
321,-0.9747638672436609,1,0
322,-1.0530755942029513,1,0
323,-1.1138275039868777,1,0
324,-0.919468251119343,1,0
325,-1.1147333945030757,1,0
326,-1.2473572414660017,1,0
327,-1.0712965344081282,1,0
328,-0.7804941706535423,1,0
329,-0.9898791078778391,1,0
330,-0.679967765641698,1,0
331,-0.4793493109404301,1,0
332,-0.6871433332728438,1,0
333,-1.1429237041007485,1,0
334,-0.7785032770663197,1,0
335,-0.9549788642759099,1,0
336,-1.3344891552069305,1,0
337,-0.4852712382269253,1,0
338,-1.0943006945701605,1,0
339,-0.6316417524643847,1,0
340,-0.6785559633046473,1,0
341,-0.9281720294942619,1,0
342,-0.7181408706965237,1,0
343,-0.9726431391850615,1,0
344,-0.6819064303620281,1,0
345,-0.9412709998036256,1,0
346,-0.6449735395871931,1,0
347,-1.2773190539021095,1,0
348,-1.0543038578100072,1,0
349,-1.0403646519159953,1,0
350,-0.6938547426688174,1,0
351,-0.5637008489846551,1,0
352,-0.6097748242402723,1,0
353,-0.8949627323428438,1,0
354,-0.8501304467589399,1,0
355,-0.7827059303812806,1,0
356,-0.1358899216139131,0,0
357,-0.7121786652160622,1,0
358,-0.7435761813350844,1,0
359,-0.7553439056953215,1,0
360,-0.9261930865799711,1,0
361,-0.585515548341875,1,0
362,-0.9667973421113224,1,0
363,-1.1127932543910228,1,0
364,-0.5331301423856294,1,0
365,-0.6883850229445543,1,0
366,-1.0279760827199032,1,0
367,-1.0369246285812013,1,0
368,-1.194248008331833,1,0
369,-0.5324704947475306,1,0
370,-0.7760079470499615,1,0
371,-1.185481525808807,1,0
372,-0.6718848321026372,1,0
373,-1.2098825868515157,1,0
374,-0.4442267258062682,1,0
375,-1.238175878791259,1,0
376,-1.1640921818845213,1,0
377,-0.9889881188180155,1,0
378,-0.7884741218505381,1,0
379,-0.6160071739446993,1,0
380,-0.5576102844245423,1,0
381,-0.64841356292199,1,0
382,-0.9645348289084116,1,0
383,-0.6776903509824128,1,0
384,-0.875670215131294,1,0
385,-0.3597856314846243,1,0
386,-0.4596284875125034,1,0
387,-0.3780304730356676,1,0
388,-0.7707964208767348,1,0
389,-0.7045359885663044,1,0
390,-0.7487608553790048,1,0
391,-0.7595331329456306,1,0
392,-1.1667039203076017,1,0
393,-0.49496898800373834,1,0
394,-0.7621329206957794,1,0
395,-0.8648591347624274,1,0
396,-1.1513812395975682,1,0
397,-0.7017033840027109,1,0
398,-0.48192224656126714,1,0
399,-1.0304072331964342,1,0
400,-0.8578761057507683,1,0
401,-0.5590579387803912,1,0
402,-1.0491326098307412,1,0
403,-1.0605511089708086,1,0
404,-0.8014059302780041,1,0
405,-0.8646143672760481,1,0
406,-0.7827969620504166,1,0
407,-0.38630742058593237,1,0
408,-0.7412494885923437,1,0
409,-0.9484748949557975,1,0
410,-1.26543492113515,1,0
411,-0.9319344259199169,1,0
412,-0.8556523953500955,1,0
413,-0.8217595492147151,1,0
414,-0.5735150071681905,1,0
415,-0.8515407737042707,1,0
416,-1.150229106203271,1,0
417,-1.0658656174861059,1,0
418,-0.5063755364708739,1,0
419,-0.535147888102161,1,0
420,-0.6371502749908858,1,0
421,-0.7759303414454799,1,0
422,-0.9044559928272355,1,0
423,-0.9728491038692,1,0
424,-1.3814302181765021,0,0
425,-0.45869722025872195,1,0
426,-1.0735336708734526,1,0
427,-0.8494066195810168,1,0
428,-1.2243918841062102,1,0
429,-0.8466650466865566,1,0
430,-0.5707480575361468,1,0
431,-0.8006940537730128,1,0
432,-0.6926264790617559,1,0
433,-1.1904214323663453,1,0
434,-0.7744304582227357,1,0
435,-0.7310458269946807,1,0
436,-0.9306285567083794,1,0
437,-0.5727001483211286,1,0
438,-0.6237020794613496,1,0
439,-0.520496805703155,1,0
440,-0.6130850131036925,1,0
441,-1.1073489114043515,1,0
442,-0.6840659612228683,1,0
443,-0.8675499541817094,1,0
444,-0.798973304409753,1,0
445,-0.7111578416848618,1,0
446,-0.5998054548477766,1,0
447,-1.1132723140825722,1,0
448,-0.7902456246889678,1,0
449,-0.5547911059256033,1,0
450,-0.6237408822635931,1,0
451,-0.7864951789362445,1,0
452,-1.0777109474508246,1,0
453,-0.8781923972769584,1,0
454,-0.90281432446018,1,0
455,-0.5510406601728773,1,0
456,-0.7700591676341545,1,0
457,-1.0384498885415316,1,0
458,-0.6101494261980284,1,0
459,-1.2367924039752372,1,0
460,-0.7469385990653971,1,0
461,-0.71371735124105,1,0
462,-1.0139726972860612,1,0
463,-0.8947821443962944,1,0
464,-0.5559417639281777,1,0
465,-0.9725521075159255,1,0
466,-1.0037675602966782,1,0
467,-0.8061383967596869,1,0
468,-0.6548145499000346,1,0
469,-0.6065810437835772,1,0
470,-0.8319751614853127,1,0
471,-0.9068990939766985,1,0
472,-1.058067729627385,1,0
473,-0.576941604438333,1,0
474,-0.9460437444792691,1,0
475,-1.0859476168071314,1,0
476,-0.34170647642375596,1,0
477,-1.0984137916077081,1,0
478,-1.2783921063002024,1,0
479,-1.1169183021015021,1,0
480,-0.6876477697019739,1,0
481,-1.036561977296377,1,0
482,-0.8920674236311404,1,0
483,-0.9927131878331524,1,0
484,-1.0480207546304077,1,0
485,-0.741713646827516,1,0
486,-0.6958068334537992,1,0
487,-0.7399675207266726,1,0
488,-1.2451066789360254,1,0
489,-0.7050926538623298,1,0
490,-0.6510655795390313,1,0
491,-0.5848693267684307,1,0
492,-0.9454348503163457,1,0
493,-0.859738640258334,1,0
494,-0.9013129658457159,1,0
495,-0.8608251187210841,1,0
496,-0.7378990215349657,1,0
497,-1.060097426016851,1,0
498,-1.3124416390362685,1,0
499,-0.5414578434110723,1,0
500,-0.4481592348972635,1,0
501,-0.7367095607301477,1,0
502,-0.8467172755534519,1,0
503,-0.9305121483016543,1,0
504,-0.39986007384925637,1,0
505,-1.17199305208531,1,0
506,-0.7227823055090676,1,0
507,-0.9052186228074022,1,0
508,-1.0554559912043042,1,0
509,-0.8834934797276012,1,0
510,-0.5083798561227509,1,0
511,-1.0222735461821952,1,0
512,-0.8098231875808604,1,0
513,-0.8791490412683289,1,0
514,-1.032863760410549,1,0
515,-0.8596490839809207,1,0
516,-0.5977220541996953,1,0
517,-0.8434578401652099,1,0
518,-0.6806259378880741,1,0
519,-0.9991261254841316,1,0
520,-0.5989771699360602,1,0
521,-0.4984478141407733,1,0
522,-0.8841531273656972,1,0
523,-1.1148617535827299,1,0
524,-0.7847117254248803,1,0
525,-0.5636874229200034,1,0
526,-0.5750536931931782,1,0
527,-0.7600375693747607,1,0
528,-1.0039884264371912,1,0
529,-0.7925737928234283,1,0
530,-0.7229375167180335,1,0
531,-1.2822216330491298,1,0
532,-1.1125216347753346,1,0
533,-0.6578023656725912,1,0
534,-1.0804913231475228,1,0
535,-1.063073291116473,1,0
536,-0.46295062704885814,1,0
537,-1.0578990923537672,1,0
538,-0.6683284003611178,1,0
539,-0.7307995841165815,1,0
540,-0.7058418577778447,1,0
541,-0.8937090919981988,1,0
542,-0.4571465835608024,1,0
543,-0.9207875463955378,1,0
544,-1.0048032852842503,1,0
545,-0.8248383966564077,1,0
546,-0.4955659314937244,1,0
547,-0.6614095508892859,1,0
548,-0.5418712481710664,1,0
549,-0.3833061787487213,1,0
550,-1.0761454092965306,1,0
551,-0.8209446903676532,1,0
552,-0.7850609506450473,1,0
553,-0.29596830032365684,0,0
554,-0.8022849686648931,1,0
555,-0.616951867263138,1,0
556,-0.5200431227491975,1,0
557,-0.8104052296144776,1,0
558,-0.8705885234294441,1,0
559,-1.3659508508657825,0,0
560,-1.294181896028851,1,0
561,-0.7261835260416238,1,0
562,-0.17829253211300577,0,0
563,-0.6990274660398033,1,0
564,-1.0777751269906544,1,0
565,-1.039149814373591,1,0
566,-1.3750038544608683,0,0
567,-0.9041709471468956,1,0
568,-0.7923006978160202,1,0
569,-0.7019376762078783,1,0
570,-1.364619604916656,0,0
571,-0.20318607891191554,0,0
572,0.2567193396264683,0,1
573,-1.114539380491869,1,0
574,-1.4338798036725748,0,0
575,-0.9003816985919316,1,0
576,-0.5457500530034493,1,0
577,-0.42965324901174384,1,0
578,-0.45570940448616537,1,0
579,-0.5751447248623143,1,0
580,-0.7514382487336352,1,0
581,-0.9611724111780989,1,0
582,-0.7431747272480194,1,0
583,-0.4535632996899769,1,0
584,-0.935155058505921,1,0
585,-0.8873857106246358,1,0
586,-1.153773587271853,1,0
587,-0.7217480559132156,1,0
588,-0.6503671290986918,1,0
589,-0.39705284602325197,1,0
590,-0.9807245973324025,1,0
591,-0.8544495084806258,1,0
592,-0.6416499246591212,1,0
593,-0.8546703746211359,1,0
594,-0.7275162473824703,1,0
595,-0.810651472492574,1,0
596,-0.5589415303736689,1,0
597,-0.4530722893254957,1,0
598,-0.937339966104353,1,0
599,-0.3125326707054038,0,0
600,-0.667513541514056,1,0
601,-0.8340570867416713,1,0
602,-0.8287157260970679,1,0
603,-0.4933019428990937,1,0
604,-1.0387095574842853,1,0
605,-0.8594401685133424,1,0
606,-0.6400082562920656,1,0
607,-1.320949928008261,1,0
608,-0.7843356480754016,1,0
609,-0.7656371235704007,1,0
610,-0.7928185603098103,1,0
611,-0.7457357121959274,1,0
612,-0.5061815224596672,1,0
613,-0.35788429417481227,1,0
614,-0.9335253408117999,1,0
615,-0.7522396815160426,1,0
616,-0.835374906626149,1,0
617,-0.8462650679912143,1,0
618,-0.8532600476758079,1,0
619,-0.6756472285282922,1,0
620,-0.6523699733588517,1,0
621,-0.25277768310681126,0,0
622,-0.946119874692028,1,0
623,-0.7591451049232201,1,0
624,-0.6157743571312546,1,0
625,-0.9033695143644882,1,0
626,-0.654711567557964,1,0
627,-1.5063860117520838,0,0
628,-0.7252134559855988,1,0
629,-0.8871409431382565,1,0
630,-0.416373690755828,1,0
631,-0.8872573515449789,1,0
632,-0.7575944682253005,1,0
633,-0.6419483964041184,1,0
634,-0.3598229588951424,1,0
635,-0.5278544366725729,1,0
636,-0.7624164909843967,1,0
637,-0.7668265843752187,1,0
638,-1.0469208501030058,1,0
639,-1.020372208872386,1,0
640,-1.1138663067891186,1,0
641,-0.48960372601326574,1,0
642,-0.9913162869524761,1,0
643,-0.7956377388087493,1,0
644,-1.2656423612110084,1,0
645,-1.272289591067155,1,0
646,-0.3973244656389374,1,0
647,-1.223239750711913,1,0
648,-0.9059946788522205,1,0
649,-0.7427732731609571,1,0
650,-1.051420499771241,1,0
651,-0.7782062807130452,1,0
652,-0.996203964643122,1,0
653,-0.9642497832280716,1,0
654,-1.2358999395236936,1,0
655,-0.3268882321428551,1,0
656,-0.8795624460283258,1,0
657,-0.7678488832981389,1,0
658,-0.997265066368283,1,0
659,-0.9162878967272997,1,0
660,-0.808893395718796,1,0
661,-0.8285605148881048,1,0
662,-1.1168794992992641,1,0
663,-1.169678310015504,1,0
664,-0.47188722223722446,1,0
665,-1.0857282260583383,1,0
666,-0.8770536899473158,1,0
667,-1.3026513821986025,1,0
668,-0.9214994229005291,1,0
669,-0.7276580325267817,1,0
670,-0.5696750051380511,1,0
671,-1.1317768245763666,1,0
672,-0.8120991268484257,1,0
673,-1.3647748161256161,0,0
674,-0.2914940273930078,0,0
675,-1.2295123786103035,1,0
676,-1.0277701180357646,1,0
677,-0.7036181473771719,1,0
678,-0.4994954898012799,1,0
679,-1.0371574453946457,1,0
680,-0.553433007847165,1,0
681,-0.7692711609164016,1,0
682,-0.8429787804736633,1,0
683,-0.8390357961014561,1,0
684,-0.8131468025089322,1,0
685,-1.082767262415088,1,0
686,-1.0583259231784186,1,0
687,-0.5022758654979781,1,0
688,-0.33022379774386157,1,0
689,-0.8430310093405557,1,0
690,-0.8253413576938207,1,0
691,-0.4425582053099064,1,0
692,-1.2822977632618915,1,0
693,-0.6631168741878912,1,0
694,-0.9157700342335151,1,0
695,-0.9118001977319962,1,0
696,-1.2648797312308417,1,0
697,-1.0248076790007943,1,0
698,-0.7475594439012551,1,0
699,-0.806512998717443,1,0
700,-0.7623791635738758,1,0
701,-0.5362865954318036,1,0
702,-0.7425673084768186,1,0
703,-0.5528629164864851,1,0
704,-1.2584533675152083,1,0
705,-0.9350252240345441,1,0
706,-0.7049881961285448,1,0
707,-1.2950355576781507,1,0
708,-0.6253064204178871,1,0
709,-1.4683158890393289,0,0
710,-1.0221690884484076,1,0
711,-1.251546468716311,1,0
712,-0.8863126582265402,1,0
713,-0.6472629049194129,1,0
714,-1.1921660830754717,1,0
715,-0.7682757141227875,1,0
716,-1.1676993671012132,1,0
717,-0.6103046374069943,1,0
718,-0.6572203236389768,1,0
719,-1.0721755727950173,1,0
720,-0.6979021847748124,1,0
721,-1.1588164761714648,1,0
722,-0.9122404546213048,1,0
723,-0.610692665429402,1,0
724,-0.6966873472324081,1,0
725,-0.9050499855337846,1,0
726,-0.6379129049710525,1,0
727,-0.897149115332993,1,0
728,-0.7162649101243007,1,0
729,-1.409362334223141,0,0
730,-0.7011735708359917,1,0
731,-0.5758431753026511,1,0
732,-0.5916837185064722,1,0
733,-0.8153839389742568,1,0
734,-0.8513587103659986,1,0
735,-0.8774417179697236,1,0
736,-1.2611158594134642,1,0
737,-0.9767935636331299,1,0
738,-0.5059487056462197,1,0
739,-0.9353222203878186,1,0
740,-0.34137067726824344,1,0
741,-0.8676141337215393,1,0
742,-0.9478406240552878,1,0
743,-1.0095760299598937,1,0
744,-0.7659863487905677,1,0
745,-0.789262128568291,1,0
746,-0.9069259461060047,1,0
747,-0.5515570472749448,1,0
748,-1.086646067247471,1,0
749,-0.9576294055012341,1,0
750,-0.8198596872966257,1,0
751,-0.9077408049530666,1,0
752,-1.0671580606329916,1,0
753,-0.8367210540316472,1,0
754,-0.4134112517208577,1,0
755,-0.7530933431653453,1,0
756,-0.559380311871252,1,0
757,-0.5976713007245199,1,0
758,-1.0117087086914278,1,0
759,-0.44284325099024635,1,0
760,-0.6516983750478211,1,0
761,-0.9951174861803747,1,0
762,-0.9063036258784296,1,0
763,-0.5958744211485012,1,0
764,-0.3955275860629187,1,0
765,-0.5443292507769038,1,0
766,-0.6421543610882541,1,0
767,-0.582735172645174,1,0
768,-1.0697324716455543,1,0
769,-1.005036102097698,1,0
770,-0.700539299935482,1,0
771,-0.7689861152360589,1,0
772,-0.5929388342428399,1,0
773,-0.9729267094736815,1,0
774,-0.6358563564522801,1,0
775,-0.7006557083422044,1,0
776,-0.8372777193276754,1,0
777,-1.17981631668162,1,0
778,-0.6085719373708026,1,0
779,-0.4964181177513072,1,0
780,-0.6710565471909208,1,0
781,-0.917554963136602,1,0
782,-0.6790096462586048,1,0
783,-0.9372369837622824,1,0
784,-0.311589452778685,0,0
785,-0.27778763831244335,0,0
786,-0.7668131583105642,1,0
787,-0.7595197068809761,1,0
788,-0.6529266386548799,1,0
789,-0.47358111947117254,1,0
790,-0.9889881188180155,1,0
791,-0.7678086051041783,1,0
792,-1.055933575504131,1,0
793,-1.1011285123728565,1,0
794,-1.2133091841216581,1,0
795,-0.7724261385708558,1,0
796,-0.9384652473693383,1,0
797,-1.061662964171145,1,0
798,-0.767034024451077,1,0
799,-1.0377917162951582,1,0
800,-0.9287540715278764,1,0
801,-0.8584581477843828,1,0
802,-0.7166648888196459,1,0
803,-0.777624238679428,1,0
804,-0.6434990331020352,1,0
805,-1.1070131122488336,1,0
806,-0.6236498505944599,1,0
807,-0.7325710869550139,1,0
808,-1.1833981251607257,1,0
809,-1.1826101184429727,1,0
810,-0.44873980153915805,1,0
811,-1.0768692364744563,1,0
812,-0.8951313696164614,1,0
813,-0.8788251927857454,1,0
814,-0.6966351183655128,1,0
815,-0.7051956362044004,1,0
816,-0.6733190603938344,1,0
817,-0.9599560982439748,1,0
818,-0.7187736662053135,1,0
819,-0.8804414844152147,1,0
820,-1.1372599703652813,1,0
821,-0.5718972401470013,1,0
822,-0.4908319896203245,1,0
823,-0.9680658839123446,1,0
824,-1.2259037180018888,1,0
825,-0.5267037786699957,1,0
826,-0.6844271371159727,1,0
827,-0.8501826756258352,1,0
828,-1.1970418100931828,1,0
829,-0.862584670886582,1,0
830,-1.098763016827875,1,0
831,-0.7692055059848518,1,0
832,-0.7092684550479872,1,0
833,-1.1856889658846654,1,0
834,-0.9546415897286775,1,0
835,-1.0027735888947842,1,0
836,-0.35150868393435675,1,0
837,-0.9469227828661553,1,0
838,-0.658124738763452,1,0
839,-0.7692443087870954,1,0
840,-0.8351435652044215,1,0
841,-0.6619915929229003,1,0
842,-0.7081565998476508,1,0
843,-0.7057000726335361,1,0
844,-1.0763662754370436,1,0
845,-0.6683149742964634,1,0
846,-0.8861186442153335,1,0
847,-0.4233044909005945,1,0
848,-0.7942274118634185,1,0
849,-0.8763432888340444,1,0
850,-0.8054667984486563,1,0
851,-0.06105702079166331,0,0
852,-1.1751092269375234,1,0
853,-0.7390884823397836,1,0
854,-0.5421443431784745,1,0
855,-0.4757794531342563,1,0
856,-0.9121494229521687,1,0
857,-0.7330889494488013,1,0
858,-0.9334745873366246,1,0
859,-0.7850340985157411,1,0
860,-0.5317466675696075,1,0
861,-0.7677056227621076,1,0
862,-0.5942447034543802,1,0
863,-1.1375315899809668,1,0
864,-0.5906106661083793,1,0
865,-0.7255104523388733,1,0
866,-0.5638038313267257,1,0
867,-0.9349864212323034,1,0
868,-1.1178361432906347,1,0
869,-1.1951927016502717,1,0
870,-0.8105216380211999,1,0
871,-0.7901292162822454,1,0
872,-1.3251525813232217,1,0
873,-0.7445462513911122,1,0
874,-1.3704251237964316,0,0
875,-0.7360379624191171,1,0
876,-1.0079582629387045,1,0
877,-0.6768889182000054,1,0
878,-1.1568241071925196,1,0
879,-0.8248234952000333,1,0
880,-0.9397711165808786,1,0
881,-1.5030370200864258,0,0
882,-0.7701367732386388,1,0
883,-0.3896952150538341,1,0
884,-1.0210706593127228,1,0
885,-0.8344316886994302,1,0
886,-0.6609439172623938,1,0
887,-1.207775284857568,1,0
888,-0.8126557921444538,1,0
889,-0.7522143047784535,1,0
890,-1.1779164547635306,1,0
891,-0.8544360824159741,1,0
892,-0.11362301469445835,0,0
893,-1.065386557794562,1,0
894,-0.5674110165434204,1,0
895,-0.5628859901375988,1,0
896,-0.8419967597447064,1,0
897,-1.510549862264804,0,0
898,-0.7389213204578832,1,0
899,-0.45867184352113566,1,0
900,-0.5026385167828024,1,0
901,-1.3356144364719187,1,0
902,-0.7121786652160622,1,0
903,-0.779744966738033,1,0
904,-1.181847488462806,1,0
905,-0.8180091034619918,1,0
906,-1.0848223355421405,1,0
907,-0.5325615264166667,1,0
908,-1.1111381599593129,1,0
909,-0.8728256598947687,1,0
910,-1.2117570720320159,1,0
911,-1.0946379691173957,1,0
912,-0.8989594209736662,1,0
913,-0.459731469854574,1,0
914,-1.0284417163467952,1,0
915,-0.8162898294904547,1,0
916,-0.4521932509386095,1,0
917,-1.1419909614552441,1,0
918,-0.8627384067038252,1,0
919,-0.928236209034089,1,0
920,-0.4804999689430045,1,0
921,-0.8214879295990296,1,0
922,-0.9475421523102961,1,0
923,-1.2495436244561535,1,0
924,-0.8402386829709257,1,0
925,-0.75749001049151,1,0
926,-0.7745990954963533,1,0
927,-0.9418008129703448,1,0
928,-0.6713550189359152,1,0
929,-0.7857325489560779,1,0
930,-0.9600217531755245,1,0
931,-0.890515311541501,1,0
932,-0.9433663511246387,1,0
933,-0.9072871219991063,1,0
934,-0.7588854359804664,1,0
935,-0.7076521634185179,1,0
936,-0.5811188810157075,1,0
937,-0.7513606431291509,1,0
938,-0.9619096644206793,1,0
939,-0.9924281421528097,1,0
940,-1.0537874707079427,1,0
941,-0.6130074074992081,1,0
942,-1.2586071033324515,1,0
943,-1.2175237881095535,1,0
944,-0.5249696032420842,1,0
945,-0.5570536191285114,1,0
946,-0.8253547837584752,1,0
947,-0.8982997733355702,1,0
948,-0.8944075424385356,1,0
949,-0.9899581888740433,1,0
950,-0.9722416850979992,1,0
951,-0.9167147275519538,1,0
952,-0.7710814665570748,1,0
953,-1.0876817922350401,1,0
954,-0.8193164480652521,1,0
955,-0.6609439172623938,1,0
956,-0.4481577595055436,1,0
957,-0.9156148230245492,1,0
958,-0.994044433782279,1,0
959,-1.054497871821214,1,0
960,-0.6297404151545727,1,0
961,-0.39790650767255464,1,0
962,-0.8052966857833188,1,0
963,-0.5888391632699469,1,0
964,-0.9786560981406955,1,0
965,-0.832879576609788,1,0
966,-0.5106423693256618,1,0
967,-0.7948109292887529,1,0
968,-0.764719282381271,1,0
969,-0.4048775860112791,1,0
970,-1.1499574865875828,1,0
971,-1.3325102122926396,1,0
972,-0.8574746516637033,1,0
973,-1.0551321427217237,1,0
974,-1.1391090788081955,1,0
975,-1.1044401766279965,1,0
976,-0.3648673231864741,1,0
977,-0.5750536931931782,1,0
978,-1.5301020484191103,0,0
979,-0.8997220509538328,1,0
980,-0.5680840902461709,1,0
981,-1.0105446246242016,1,0
982,-0.8842695357724223,1,0
983,-0.6571561440991497,1,0
984,-0.8523153543573692,1,0
985,-0.2028890825586438,0,0
986,-0.6984319979415315,1,0
987,-0.7927931835722213,1,0
988,-0.5915538840350953,1,0
989,-0.7006825604715106,1,0
990,-0.7906456033843129,1,0
991,-0.9835183990937579,1,0
992,-0.387380472984028,1,0
993,-0.8310961230984237,1,0
994,-0.8716361990899479,1,0
995,-0.7551498916841176,1,0
996,-0.8431862205495216,1,0
997,-0.757581042160646,1,0
998,-0.8552389905901014,1,0
999,-0.7143113439475962,1,0
1000,-0.8421653970183213,1,0
1001,-0.7831849900728272,1,0
1002,-0.9390204372736466,1,0
1003,-0.4760898755521853,1,0
1004,-0.32727478477354577,1,0
1005,-1.0560380332379216,1,0
1006,-0.5401773509371155,1,0
1007,-0.6425826673046253,1,0
1008,-0.6677329322628461,1,0
1009,-1.1877574650763723,1,0
1010,-0.9978844358124184,1,0
1011,-0.8876707563049757,1,0
1012,-0.46348191560729723,1,0
1013,-0.9948070637624457,1,0
1014,-0.937999613742449,1,0
1015,-1.1154049928141063,1,0
1016,-0.6986782408196335,1,0
1017,-0.9523790765257667,1,0
1018,-0.9091108537044368,1,0
1019,-0.7066955194271474,1,0
1020,-0.8295574370734388,1,0
1021,-0.7927663314429151,1,0
1022,-1.2533448236840494,1,0
1023,-0.7238553579071633,1,0
1024,-0.7314592317546775,1,0
1025,-1.3768917657060258,0,0
1026,-0.7587958797030503,1,0
1027,-0.393263597468288,1,0
1028,-1.1936793923628701,1,0
1029,-0.9856122750230512,1,0
1030,-1.1310515220067208,1,0
1031,-0.983712413104959,1,0
1032,-0.7231449567938919,1,0
1033,-0.8238026716688329,1,0
1034,-0.723829981169577,1,0
1035,-1.0750081773586107,1,0
1036,-0.6138864458860999,1,0
1037,-1.3421572085942746,1,0
1038,-0.7480370282010818,1,0
1039,-0.9635393821148003,1,0
1040,-0.8370822299247488,1,0
1041,-0.9346371960121336,1,0
1042,-1.0026959832903026,1,0
1043,-1.0646239278143954,1,0
1044,-0.9758757224439973,1,0
1045,-0.7548648460037749,1,0
1046,-0.6390516123006951,1,0
1047,-1.180980400748849,1,0
1048,-0.9963203730498443,1,0
1049,-1.0889085804503817,1,0
1050,-1.7470132538864398,0,0
1051,-0.5159315011033727,1,0
1052,-0.7367737402699748,1,0
1053,-0.8100306276567187,1,0
1054,-0.8369404447804402,1,0
1055,-1.0002260300115333,1,0
1056,-0.9268273574804808,1,0
1057,-0.9526641222061066,1,0
1058,-0.5118586822597859,1,0
1059,-0.7886024809301923,1,0
1060,-0.7888099210060506,1,0
1061,-0.7324158757460508,1,0
1062,-0.4744347811204752,1,0
1063,-1.1090174319007136,1,0
1064,-1.005474883595281,1,0
1065,-0.7412092103983831,1,0
1066,-0.655965207902609,1,0
1067,-1.0351665518074205,1,0
1068,-0.9341715623852415,1,0
1069,-1.5001924648499005,0,0
1070,-0.7736021733110193,1,0
1071,-1.139458304028365,1,0
1072,-0.6878417837131806,1,0
1073,-0.29203726662438145,0,0
1074,-0.9897895516004229,1,0
1075,-0.791861916318437,1,0
1076,-0.7662445423416042,1,0
1077,-0.5886063464564995,1,0
1078,-1.0784347746287504,1,0
1079,-0.25299707385560144,0,0
1080,-0.5132153049465016,1,0
1081,-1.1887902392805043,1,0
1082,-0.34514649975855294,1,0
1083,-1.1299277161334524,1,0
1084,-0.6910355641698784,1,0
1085,-0.9934355396193584,1,0
1086,-1.0731202661134531,1,0
1087,-0.4942854390197732,1,0
1088,-0.958702457899327,1,0
1089,-0.703139087685628,1,0
1090,-0.8147123406632262,1,0
1091,-0.6859284957304396,1,0
1092,-0.6957426539139694,1,0
1093,-0.5638172573913802,1,0
1094,-1.213101744045797,1,0
1095,-0.6020411159213812,1,0
1096,-0.7880204388965778,1,0
1097,-1.1500619443213704,1,0
1098,-0.6799140613830829,1,0
1099,-1.3430377223728835,1,0
1100,-0.6176891205057183,1,0
1101,-0.7583182954032264,1,0
1102,-0.8529227731285727,1,0
1103,-0.4550109540458286,1,0
1104,-0.9688538906300975,1,0
1105,-0.8298932362289513,1,0
1106,-0.9310822396623342,1,0
1107,-0.6708893853090231,1,0
1108,-1.3280747421642314,1,0
1109,-0.8887050059008306,1,0
1110,-0.7768362319616778,1,0
1111,-0.551273476986322,1,0
1112,-0.8406401370579908,1,0
1113,-1.2406846348722715,1,0
1114,-0.9679091973116588,1,0
1115,-0.6943203762957068,1,0
1116,-1.0064061508490652,1,0
1117,-0.7295713205095228,1,0
1118,-1.3483522308881835,0,0
1119,-1.1390046210744047,1,0
1120,-0.6309298759593934,1,0
1121,-0.8185911454956091,1,0
1122,-0.41277698082035075,1,0
1123,-0.8254189632983022,1,0
1124,-0.8773253095630013,1,0
1125,-1.101931420546984,1,0
1126,-0.5024698795091848,1,0
1127,-0.504654787107614,1,0
1128,-0.7281624689559146,1,0
1129,-1.0894518196817553,1,0
1130,-1.0466223783580086,1,0
1131,-0.3142146172664201,0,0
1132,-0.8530272308623632,1,0
1133,-1.1914676326351348,1,0
1134,-0.5206893443226418,1,0
1135,-0.8731868357878675,1,0
1136,-0.4509515612668935,1,0
1137,-0.8239578828777988,1,0
1138,-0.656211450780711,1,0
1139,-0.7821761172145614,1,0
1140,-1.1124306031062015,1,0
1141,-0.045798519621456646,0,0
1142,-0.8722824206633922,1,0
1143,-0.6833167573073562,1,0
1144,-0.5595877519471104,1,0
1145,-1.148224786551391,1,0
1146,-0.8190433530578467,1,0
1147,-1.3853224490735339,0,0
1148,-0.6703446706859295,1,0
1149,-0.6303105065152581,1,0
1150,-1.2441500349446522,1,0
1151,-0.6088301309218364,1,0
1152,-0.887127517073602,1,0
1153,-0.6531594554683245,1,0
1154,-0.6482061228461317,1,0
1155,-0.738894468328577,1,0
1156,-0.827617296961386,1,0
1157,-0.8147630941384015,1,0
1158,-0.823325087369009,1,0
1159,-0.656896475156396,1,0
1160,-0.8790714356638474,1,0
1161,-0.7351828253780945,1,0
1162,-0.983621381435823,1,0
1163,-1.0294117864028203,1,0
1164,-0.4873531634832895,1,0
1165,-1.1257250628184918,1,0
1166,-0.8941239721499183,1,0
1167,-0.8774163412321373,1,0
1168,-0.6480897144394066,1,0
1169,-0.6915668527283175,1,0
1170,-0.7741976414092883,1,0
1171,-1.016454601237765,1,0
1172,-0.9689702990368199,1,0
1173,-0.9384652473693383,1,0
1174,-0.9497807641673406,1,0
1175,-0.5674244426080721,1,0
1176,-0.773175342486368,1,0
1177,-0.7953019396532313,1,0
1178,-0.9413098026058664,1,0
1179,-0.6879328153823167,1,0
1180,-1.042122728689776,1,0
1181,-0.5817651025891518,1,0
1182,-0.4983060289964647,1,0
1183,-1.1892051194322213,1,0
1184,-0.7635163955118013,1,0
1185,-0.9480346380664945,1,0
1186,-0.8090083287338012,1,0
1187,-0.7779854145725323,1,0
1188,-0.971970065482311,1,0
1189,-0.895649232110246,1,0
1190,-1.0910173578360494,1,0
1191,-0.8648471840894928,1,0
1192,-0.44206719494542523,1,0
1193,-0.8764074683738715,1,0
1194,-1.0340934994093276,1,0
1195,-0.6808841314391051,1,0
1196,-0.8313677427141092,1,0
1197,-0.9962561935100173,1,0
1198,-0.6243094982325559,1,0
1199,-1.015833756401907,1,0
1200,-0.5001417113747242,1,0
1201,-0.66513461990442,1,0
1202,-0.4911812148404915,1,0
1203,-0.6628840573744438,1,0
1204,-0.856919461759395,1,0
1205,-0.6506760761249036,1,0
1206,-1.1453936573795205,1,0
1207,-0.7487742814436593,1,0
1208,-0.8013925042133496,1,0
1209,-0.6891998817916162,1,0
1210,-1.0145532639279558,1,0
1211,-0.8267248325098425,1,0
1212,-0.6086763951045904,1,0
1213,-0.6312791011795604,1,0
1214,-0.8884080095475533,1,0
1215,-0.8798086889064249,1,0
1216,-0.43310522301947263,1,0
1217,-0.9201801276243343,1,0
1218,-0.6330506040179956,1,0
1219,-0.8929986908849274,1,0
1220,-0.7944602286768632,1,0
1221,-0.9661645466025326,1,0
1222,-0.9327761368962878,1,0
1223,-0.514418191815974,1,0
1224,-0.906912520041353,1,0
1225,-0.8788505695233345,1,0
1226,-0.6359742402507224,1,0
1227,-0.7277610148688524,1,0
1228,-0.941193394199144,1,0
1229,-0.6525520366971238,1,0
1230,-0.8086337267760424,1,0
1231,-0.4676069633177765,1,0
1232,-1.149893307047753,1,0
1233,-0.7995299697057839,1,0
1234,-1.4490995020405406,0,0
1235,-0.7590033197789087,1,0
1236,-1.2302615825258156,1,0
1237,-0.550264604128059,1,0
1238,-0.8382075111897397,1,0
1239,-1.3456748375335503,0,0
1240,-0.5494497452809971,1,0
1241,-0.582294915755871,1,0
1242,-0.3301849949416208,1,0
1243,-0.6468614508323506,1,0
1244,-0.6190591692570857,1,0
1245,-1.018148498471716,1,0
1246,-1.1091606924367419,1,0
1247,-0.6539355115131457,1,0
1248,-1.394891839770687,0,0
1249,-1.0585453139272116,1,0
1250,-1.046377610871632,1,0
1251,-1.383370358288552,0,0
1252,-0.7965167771956383,1,0
1253,-0.9525984672745597,1,0
1254,-0.59121808487958,1,0
1255,-0.6203784645332805,1,0
1256,-0.8560135712431971,1,0
1257,-0.9026322611219079,1,0
1258,-0.962297692443087,1,0
1259,-0.7821119376747315,1,0
1260,-0.8977311573666102,1,0
1261,-0.7242568119942255,1,0
1262,-1.128414406846054,1,0
1263,-0.6979932164439484,1,0
1264,-1.0413600987096094,1,0
1265,-0.9236201509591285,1,0
1266,-0.6947591577932899,1,0
1267,-0.5327943432301141,1,0
1268,-0.40885937318572985,1,0
1269,-1.3567053086512098,0,0
1270,-1.0568260399556717,1,0
1271,-0.8380657260454283,1,0
1272,-0.9574622436193364,1,0
1273,-0.6074600821704662,1,0
1274,-0.555656718247835,1,0
1275,-1.2387847729541797,1,0
1276,-1.06097646440374,1,0
1277,-0.6957172771763831,1,0
1278,-1.6459033314492584,0,0
1279,-0.5774206641298796,1,0
1280,-0.8148929286097784,1,0
1281,-0.9395129230298477,1,0
1282,-0.7362961559701509,1,0
1283,-1.22861991415876,1,0
1284,-1.6121268937206001,0,0
1285,-0.8067204387933014,1,0
1286,-0.6588873687436186,1,0
1287,-1.2071275878924037,1,0
1288,-0.7669041899797002,1,0
1289,-0.5665454042211832,1,0
1290,-1.0785243309061665,1,0
1291,-0.7802867305776867,1,0
1292,-1.0351128475488052,1,0
1293,-1.2005325869031525,1,0
1294,-0.9380384165446898,1,0
1295,-0.5087813102098132,1,0
1296,-0.6343057197543578,1,0
1297,-0.8911227303127073,1,0
1298,-0.5216474637057322,1,0
1299,-0.783249169612657,1,0
1300,-0.8888990199120345,1,0
1301,-0.9235559714193015,1,0
1302,-0.8142198549070251,1,0
1303,-1.0832970755818072,1,0
1304,-0.6101882290002691,1,0
1305,-0.7154366252125843,1,0
1306,-0.9835825786335822,1,0
1307,-0.3077494507485484,0,0
1308,-1.00909697026835,1,0
1309,-0.6321073860912768,1,0
1310,-0.8154093157118458,1,0
1311,-1.042627165118906,1,0
1312,-0.6544399479422786,1,0
1313,-1.007467252574226,1,0
1314,-1.1037671029252434,1,0
1315,-0.8578626796861138,1,0
1316,-0.6234826887125594,1,0
1317,-0.6658972498845867,1,0
1318,-0.43486477518497324,1,0
1319,-0.2139837332161304,0,0
1320,-0.805104147163832,1,0
1321,-0.48254309139712237,1,0
1322,-0.9978068302079368,1,0
1323,-0.8837128704763941,1,0
1324,-0.6607633293158416,1,0
1325,-0.7202347466258169,1,0
1326,-1.1514454191373924,1,0
1327,-0.6944367847024319,1,0
1328,-0.8661127751070752,1,0
1329,-0.8845411553881105,1,0
1330,-0.9777502076244976,1,0
1331,-0.6804573006144565,1,0
1332,-0.7850072463864322,1,0
1333,-0.42719672179762913,1,0
1334,-0.5705659941978747,1,0
1335,-0.5098155598056681,1,0
1336,-1.4313844736562165,0,0
1337,-0.7097863175417718,1,0
1338,-1.0246524677918285,1,0
1339,-1.1270055552924458,1,0
1340,-0.9898417804673182,1,0
1341,-0.9574607682276165,1,0
1342,-1.0675341379824705,1,0
1343,-1.1360705095604633,1,0
1344,-0.6465256516768325,1,0
1345,-1.1779806343033576,1,0
1346,-0.668198565889741,1,0
1347,-1.0105446246242016,1,0
1348,-0.8847605461369007,1,0
1349,-0.67352650046969,1,0
1350,-0.847685870217757,1,0
1351,-0.6253691245659942,1,0
1352,-1.0024751171497925,1,0
1353,-0.9452662130427281,1,0
1354,-0.9401979474055328,1,0
1355,-0.3532279579058939,1,0
1356,-0.44250745183473106,1,0
1357,-0.7136143688989793,1,0
1358,-0.2798561375041475,0,0
1359,-0.5193834751111015,1,0
1360,-0.5691705687089182,1,0
1361,-0.38876394780004986,1,0
1362,-0.7556662787861823,1,0
1363,-1.4352379017510102,0,0
1364,-0.7435239524681891,1,0
1365,-0.8064353931129586,1,0
1366,-0.5492945340720312,1,0
1367,-0.47745992430355266,1,0
1368,-1.0184454948249906,1,0
1369,-0.33812466794465035,1,0
1370,-0.3273672918344017,1,0
1371,-0.5542732434318132,1,0
1372,-1.2665094489249629,1,0
1373,-0.8160689633499418,1,0
1374,-0.5631441836886297,1,0
1375,-0.7436015580726735,1,0
1376,-0.5810278493465715,1,0
1377,-0.8618205655146954,1,0
1378,-1.0209676769706548,1,0
1379,-0.995195091784859,1,0
1380,-1.2398832020898642,1,0
1381,-0.9565444024302039,1,0
1382,-0.904067964804825,1,0
1383,-0.4532140744698071,1,0
1384,-1.3769693713105076,0,0
1385,-0.4762331360882138,1,0
1386,-0.6185293560903665,1,0
1387,-0.8872693022179134,1,0
1388,-1.2131673989773466,1,0
1389,-1.1572255612795819,1,0
1390,-0.6067228289278886,1,0
1391,-0.9821349242777305,1,0
1392,-1.0446195340978515,1,0
1393,-0.8796788544350481,1,0
1394,-0.8276814765012158,1,0
1395,-0.7791509740314811,1,0
1396,-0.7101355427619443,1,0
1397,-1.1589582613157734,1,0
1398,-0.8771581476811063,1,0
1399,-0.8022969193378277,1,0
1400,-0.9512925980630166,1,0
1401,-1.0568648427579124,1,0
1402,-0.6952382174848393,1,0
1403,-0.6524998078302285,1,0
1404,-0.5919419120575059,1,0
1405,-1.1939644380432102,1,0
1406,-0.8884333862851423,1,0
1407,-1.2334031341156155,1,0
1408,-0.8684931721084255,1,0
1409,-0.17286161519098897,0,0
1410,-0.714441178418973,1,0
1411,-0.6448705572451252,1,0
1412,-1.1022672197024992,1,0
1413,-0.971038798228524,1,0
1414,-0.7403555487490804,1,0
1415,-0.5015908411222958,1,0
1416,-0.9204517472400225,1,0
1417,-0.655332412393822,1,0
1418,-0.5663513902099793,1,0
1419,-0.8349241744556285,1,0
1420,-0.4017867878966519,1,0
1421,-0.6706297163662694,1,0
1422,-1.193588360693734,1,0
1423,-0.9318314435778491,1,0
1424,-0.8704586889580646,1,0
1425,-1.0871117008743603,1,0
1426,-0.8650143459713905,1,0
1427,-0.9369907408841804,1,0
1428,-0.8894542098163427,1,0
1429,-0.7474549861674673,1,0
1430,-0.8009656733887011,1,0
1431,-1.1664054485626074,1,0
1432,-1.0559470015687855,1,0
1433,-1.0310027012947005,1,0
1434,-0.24729453731789364,0,0
1435,-0.5268067610120664,1,0
1436,-0.9460944979544444,1,0
1437,-1.0390707333773896,1,0
1438,-1.2058605214831042,1,0
1439,-0.6026365840196474,1,0
1440,-1.05766627554032,1,0
1441,-1.15333333038255,1,0
1442,-1.0147607040038142,1,0
1443,-0.689613286551613,1,0
1444,-0.20248762847157875,0,0
1445,-1.2071410139570582,1,0
1446,-0.8080128819401872,1,0
1447,-0.7860175946364206,1,0
1448,-0.4898096906974042,1,0
1449,-1.1289188432751867,1,0
1450,-1.2590339341571055,1,0
1451,-0.8074442659712272,1,0
1452,-0.8169226249992445,1,0
1453,-0.3896041833847008,1,0
1454,-1.0083597170257697,1,0
1455,-0.5811442577532966,1,0
1456,-0.45251562402946754,1,0
1457,-0.9944056096753834,1,0
1458,-0.7717396388034509,1,0
1459,-0.8534018328201193,1,0
1460,-1.2109422131849568,1,0
1461,-0.6333490757629873,1,0
1462,-1.2146284793978501,1,0
1463,-0.8742733142506176,1,0
1464,-0.8208790354361062,1,0
1465,-0.8925718600602761,1,0
1466,-0.8929598880826867,1,0
1467,-0.7232479391359625,1,0
1468,-0.9751638459390061,1,0
1469,-0.9643273888325532,1,0
1470,-0.24481115797446995,0,0
1471,-0.8048325275481438,1,0
1472,-0.3635346018456248,1,0
1473,-0.6903624904671252,1,0
1474,-1.102952244078184,1,0
1475,-1.3663015514776693,0,0
1476,-1.1267981152165847,1,0
1477,-0.960357552331037,1,0
1478,-0.9014293742524382,1,0
1479,-1.336506900923462,1,0
1480,-1.1042193104874838,1,0
1481,-0.9035247255734513,1,0
1482,-0.5486348864339352,1,0
1483,-1.0721889988596716,1,0
1484,-0.5985234869821027,1,0
1485,-1.13855241351217,1,0
1486,-1.1585956100309547,1,0
1487,-1.1614938695260952,1,0
1488,-0.9733281635607438,1,0
1489,-1.2484183431911626,1,0
1490,-0.39071751397675436,1,0
1491,-0.07775122564478432,0,0
1492,-0.622590224261016,1,0
1493,-0.7510875481217455,1,0
1494,-0.8812175404600359,1,0
1495,-0.7028032885301155,1,0
1496,-0.49315868236306515,1,0
1497,-0.7984315405700992,1,0
1498,-0.7345231777399985,1,0
1499,-0.5084694124001671,1,0
1500,-0.8882020448634176,1,0
1501,-1.1063803167400466,1,0
1502,-1.1818848158733268,1,0
1503,-1.0682311130310873,1,0
1504,-0.993293754475047,1,0
1505,-0.5049652095255402,1,0
1506,-0.6728026732917669,1,0
1507,-1.13072914891586,1,0
1508,-0.7373438316306574,1,0
1509,-0.7446104309309365,1,0
1510,-1.0987107879609797,1,0
1511,-0.7548140925286023,1,0
1512,-0.7872712349810657,1,0
1513,-1.0528308267165691,1,0
1514,-0.804108700370218,1,0
1515,-0.28563627964633687,0,0
1516,-0.47243046146859535,1,0
1517,-0.9048693975872324,1,0
1518,-0.9588188663060521,1,0
1519,-1.0812405270630348,1,0
1520,-0.5637784545891394,1,0
1521,-0.8208029052233445,1,0
1522,-0.8377165008252585,1,0
1523,-0.5204580029009143,1,0
1524,-0.8224579996550518,1,0
1525,-0.748748904706073,1,0
1526,-1.4068147753398903,0,0
1527,-1.1397418743169851,1,0
1528,-0.9496375036313093,1,0
1529,-0.8289112154999945,1,0
1530,-0.784787855637642,1,0
1531,-0.38175554205080453,1,0
1532,-1.0139458451567522,1,0
1533,-1.1980238308221425,1,0
1534,-1.138436005105445,1,0
1535,-0.8707437346384045,1,0
1536,-0.9296196838501108,1,0
1537,-0.7986375052542405,1,0
1538,-1.17759260628095,1,0
1539,-0.9809320374082608,1,0
1540,-1.126371284391936,1,0
1541,-1.0633553860133733,1,0
1542,-0.19022741835514334,0,0
1543,-1.4819461479071343,0,0
1544,-0.39608277596722696,1,0
1545,-0.3790273952209988,1,0
1546,-1.220641438353487,1,0
1547,-1.0212900500615159,1,0
1548,-1.0573946559246346,1,0
1549,-1.0733650335998324,1,0
1550,-1.155363026772016,1,0
1551,-0.9742848075521171,1,0
1552,-0.6726340360181493,1,0
1553,-1.3814690209787428,0,0
1554,-0.6428274347910046,1,0
1555,-1.2183520730212671,1,0
1556,-0.9661123177356401,1,0
1557,-1.0666670502685132,1,0
1558,-0.653960888250732,1,0
1559,-0.8007970361150807,1,0
1560,-0.6444959552873691,1,0
1561,-1.3932755481412178,0,0
1562,-0.8263756072896755,1,0
1563,-0.7388690915909879,1,0
1564,-0.7943706723994498,1,0
1565,-0.8775581263764487,1,0
1566,-1.078537756970821,1,0
1567,-0.8882274216010039,1,0
1568,-0.9214725707712201,1,0
1569,-0.5077336345493066,1,0
1570,-1.0154845311817402,1,0
1571,-1.064262751921291,1,0
1572,-0.8808683152398689,1,0
1573,-0.7469371236736772,1,0
1574,-0.8301902325822258,1,0
1575,-0.46784125552294387,1,0
1576,-1.1507991975639509,1,0
1577,-0.9292838846945983,1,0
1578,-1.0877967252500453,1,0
1579,-0.764343205031795,1,0
1580,-1.0366007800986177,1,0
1581,-0.8367076279669955,1,0
1582,-1.096512454297896,1,0
1583,-0.6459824124454588,1,0
1584,-0.4206927524775167,1,0
1585,-1.0042212432506359,1,0
1586,-0.7463043281648873,1,0
1587,-0.9386726874451995,1,0
1588,-1.1576001632373405,1,0
1589,-1.4392077382525263,0,0
1590,-0.9575249477674436,1,0
1591,-0.5801488109596825,1,0
1592,-0.671366969608847,1,0
1593,-1.0435062035057978,1,0
1594,-0.5833037886141368,1,0
1595,-0.8180479062642326,1,0
1596,-0.5284230526415329,1,0
1597,-0.7694517488629538,1,0
1598,-0.6909445325007424,1,0
1599,-1.0336144397177809,1,0
1600,-1.140298539613016,1,0
1601,-1.1640668051469323,1,0
1602,-0.8818383852958911,1,0
1603,-1.3800735954897891,0,0
1604,-0.9008995610857162,1,0
1605,-0.4145245823129168,1,0
1606,-1.107620531020037,1,0
1607,-1.4139918183627531,0,0
1608,-0.600890457918804,1,0
1609,-1.0049584964932134,1,0
1610,-0.4460370314469414,1,0
1611,-0.6264824551580506,1,0
1612,-0.6730742929074524,1,0
1613,-0.9292838846945983,1,0
1614,-0.47502877382702147,1,0
1615,-1.0746589521384409,1,0
1616,-0.9296719127170061,1,0
1617,-0.6191890037284625,1,0
1618,-1.239429519135904,1,0
1619,-0.711311577502105,1,0
1620,-1.14328487999385,1,0
1621,-0.5710838566916593,1,0
1622,-0.8427474390519385,1,0
1623,-0.7624821459159464,1,0
1624,-1.193058547527015,1,0
1625,-0.8461859869950128,1,0
1626,-1.1066250842264258,1,0
1627,-1.0135055882674493,1,0
1628,-0.29207606942662223,0,0
1629,-1.287703303446322,1,0
1630,-0.9078303612304828,1,0
1631,-1.0911725690450125,1,0
1632,-0.24677667482410903,0,0
1633,-1.012795187154178,1,0
1634,-0.46151639875766093,1,0
1635,-0.8005134658264607,1,0
1636,-0.7677056227621076,1,0
1637,-0.8039534891612576,1,0
1638,-1.0147860807414033,1,0
1639,-0.4219851956244025,1,0
1640,-1.0767931062616949,1,0
1641,-1.196847796081979,1,0
1642,-0.718191624171699,1,0
1643,-0.3924755907505323,1,0
1644,-1.0290745118555822,1,0
1645,-0.7999045716635372,1,0
1646,-0.9246678266196379,1,0
1647,-0.8864036898956762,1,0
1648,-0.6792678398096413,1,0
1649,-0.7883562380520931,1,0
1650,-0.4634684895426455,1,0
1651,-0.9998499526620575,1,0
1652,-1.362019817166507,0,0
1653,-1.021910894897371,1,0
1654,-0.37393227745449453,1,0
1655,-0.8564284513949166,1,0
1656,-0.5983951279024458,1,0
1657,-0.5356269477937076,1,0
1658,-0.5923045633423274,1,0
1659,-1.319320210314137,1,0
1660,-0.7375617469877305,1,0
1661,-0.6294046159990602,1,0
1662,-1.011423663011088,1,0
1663,-0.44835177351675026,1,0
1664,-0.619486000081737,1,0
1665,-0.9973411965810475,1,0
1666,-0.8555479376163078,1,0
1667,-0.873859909490618,1,0
1668,-1.221262283189342,1,0
1669,-0.5752342811397304,1,0
1670,-1.3934173332855293,0,0
1671,-1.1749540157285603,1,0
1672,-1.1067668693707344,1,0
1673,-0.5614368603900244,1,0
1674,-0.8181255118687142,1,0
1675,-0.9250170518398049,1,0
1676,-0.6726862648850446,1,0
1677,-1.148484455494145,1,0
1678,-1.0418003555989124,1,0
1679,-0.6988454027015312,1,0
1680,-0.6927548381414128,1,0
1681,-1.0494430322486703,1,0
1682,-1.3345413840738258,1,0
1683,-0.6829287292849484,1,0
1684,-0.9506075736873315,1,0
1685,-0.6750010069548507,1,0
1686,-1.3671149349330114,0,0
1687,-1.083607497999739,1,0
1688,-0.7377826131282433,1,0
1689,-0.7196541799839223,1,0
1690,-0.8731614590502812,1,0
1691,-1.2064813663189593,1,0
1692,-0.9577070111057157,1,0
1693,-0.6594186573020605,1,0
1694,-0.9376503885222792,1,0
1695,-1.5481931541529104,0,0
1696,-0.7106399791910745,1,0
1697,-0.6188397785082927,1,0
1698,-0.4230060191556001,1,0
1699,-0.4152857369013635,1,0
1700,-1.0463641848069778,1,0
1701,-0.7973316360427002,1,0
1702,-0.6437975048470296,1,0
1703,-0.926916913757897,1,0
1704,-0.5947491398835131,1,0
1705,-1.0831164876352606,1,0
1706,-0.8363330260092366,1,0
1707,-0.7632059730938723,1,0
1708,-1.190963196205999,1,0
1709,-0.7345366038046502,1,0
1710,-0.7640969621536958,1,0
1711,-1.1178883721575272,1,0
1712,-1.0084761254324919,1,0
1713,-1.327118098172861,1,0
1714,-0.6711729555976431,1,0
1715,-0.9055797987005038,1,0
1716,-1.0358769529206917,1,0
1717,-0.5085484933963685,1,0
1718,-1.0134026059253816,1,0
1719,-0.44837862564605646,1,0
1720,-0.5575446294929925,1,0
1721,-0.6060243784875519,1,0
1722,-0.7917574585846465,1,0
1723,-0.2908343797549118,0,0
1724,-0.4596284875125034,1,0
1725,-1.161752063077126,1,0
1726,-0.8734196526013149,1,0
1727,-0.7438731776883589,1,0
1728,-1.2214936246110697,1,0
1729,-1.1050729721367865,1,0
1730,-0.9025934583196671,1,0
1731,-1.2312331279735607,1,0
1732,-0.8153197594344297,1,0
1733,-0.735481297123089,1,0
1734,-0.6230424318232536,1,0
1735,-0.06533580431938579,0,0
1736,-1.078537756970821,1,0
1737,-0.6092450110735531,1,0
1738,-0.7464849161114395,1,0
1739,-0.36442706629716826,1,0
1740,-1.155182438825464,1,0
1741,-1.0002902095513633,1,0
1742,-1.18877828860757,1,0
1743,-0.7002825817761682,1,0
1744,-1.0182246286844776,1,0
1745,-1.1238356761816144,1,0
1746,-1.4777166424628647,0,0
1747,-0.8133408165201389,1,0
1748,-0.5719121416033757,1,0
1749,-0.6497448088711166,1,0
1750,-0.6824228174640928,1,0
1751,-0.7166395120820568,1,0
1752,-0.5706838779963169,1,0
1753,-0.8050907210991776,1,0
1754,-0.9376115857200384,1,0
1755,-1.1668725575812195,1,0
1756,-0.5761267455912711,1,0
1757,-0.6498238898673209,1,0
1758,-0.7914097087561994,1,0
1759,-0.5665707809587694,1,0
1760,-0.7250582447766329,1,0
1761,-0.6036066540756752,1,0
1762,-0.32731358757578655,1,0
1763,-0.6281241235251062,1,0
1764,-0.9789008656270776,1,0
1765,-1.2453648724870563,1,0
1766,-0.8619623506590041,1,0
1767,-0.8166122025813155,1,0
1768,-0.6400216823567201,1,0
1769,-0.6278793560387269,1,0
1770,-1.054085942452934,1,0
1771,-0.4770330934789013,1,0
1772,-1.2091841364111788,1,0
1773,-0.9363833221129797,1,0
1774,-0.6556950636786435,1,0
1775,-0.6134984178636865,1,0
1776,-0.5055353008862229,1,0
1777,-1.4867950227955395,0,0
1778,-0.6226424531279112,1,0
1779,-0.4875606035591451,1,0
1780,-0.8607594637895344,1,0
1781,-0.831742344671868,1,0
1782,-1.115612432889962,1,0
1783,-0.40836836282124866,1,0
1784,-1.2616083451696625,1,0
1785,-0.9721118506266196,1,0
1786,-0.77198588168155,1,0
1787,-0.8594162671674732,1,0
1788,-0.8189403707157761,1,0
1789,-0.8079352763357056,1,0
1790,-0.692432465050552,1,0
1791,-0.7872055800495159,1,0
1792,-0.8226639643391931,1,0
1793,-1.0862834159626467,1,0
1794,-0.5056502339012253,1,0
1795,-0.9481764232108031,1,0
1796,-0.8385059829347341,1,0
1797,-0.9152148443292069,1,0
1798,-0.7481146338055633,1,0
1799,-0.9836601842380638,1,0
1800,-0.23041974451821767,0,0
1801,-0.868440943241533,1,0
1802,-1.0389811770999735,1,0
1803,-0.9895313580493892,1,0
1804,-0.38514333651870347,1,0
1805,-0.8813219981938264,1,0
1806,-0.9336283231538706,1,0
1807,-0.6021201969175827,1,0
1808,-0.8437428858455498,1,0
1809,-0.5847782950992947,1,0
1810,-0.9737549943853979,1,0
1811,-0.9306419827730311,1,0
1812,-1.0670938810931645,1,0
1813,-0.9203607155708865,1,0
1814,-0.6623408181430701,1,0
1815,-0.598111557613823,1,0
1816,-1.1916750727109933,1,0
1817,-0.7575676160959943,1,0
1818,-0.6419349703394639,1,0
1819,-0.6203262356663852,1,0
1820,-0.6615125332313537,1,0
1821,-0.7125144643715747,1,0
1822,-1.1948822792323428,1,0
1823,-0.34594793254095757,1,0
1824,-0.730411556094171,1,0
1825,-0.9403277818769068,1,0
1826,-0.727307331914892,1,0
1827,-0.3434526025246021,1,0
1828,-0.9215516517674244,1,0
1829,-0.6853972071719977,1,0
1830,-0.4088981759879706,1,0
1831,-0.9131582958104345,1,0
1832,-0.6557323910891671,1,0
1833,-0.5380178200762725,1,0
1834,-0.8038102286252263,1,0
1835,-0.8862216265574041,1,0
1836,-0.8902959207927108,1,0
1837,-0.9146059501662834,1,0
1838,-0.9961263590386404,1,0
1839,-1.2029771634443382,1,0
1840,-0.8218505808838511,1,0
1841,-0.9112584338923452,1,0
1842,-0.950840390500779,1,0
1843,-0.757930267380813,1,0
1844,-1.274086470643171,1,0
1845,-0.9496121268937202,1,0
1846,-0.9987127207241348,1,0
1847,-0.986750982352691,1,0
1848,-1.0213945077953062,1,0
1849,-0.576101368853682,1,0
1850,-1.0730814633112122,1,0
1851,-0.9539177625507517,1,0
1852,-0.8613161290855625,1,0
1853,-1.0557007586906835,1,0
1854,-0.9588830458458791,1,0
1855,-1.0561798183822302,1,0
1856,-0.8638636879688161,1,0
1857,-0.8555225608787187,1,0
1858,-0.4126874245429346,1,0
1859,-1.0550157343150013,1,0
1860,-0.6017829223703447,1,0
1861,-0.9035501023110404,1,0
1862,-0.7299071196650408,1,0
1863,-1.3408125365804935,1,0
1864,-0.8626622764910663,1,0
1865,-1.1290218256172575,1,0
1866,-0.9142059714709411,1,0
1867,-0.821228260656276,1,0
1868,-0.41145768554415596,1,0
1869,-0.9516164465456001,1,0
1870,-0.706526882153527,1,0
1871,-1.0419943696101193,1,0
1872,-1.3000142670379355,1,0
1873,-1.6216574816155127,0,0
1874,-0.7421792804544081,1,0
1875,-1.092465012191901,1,0
1876,-1.020024459043939,1,0
1877,-0.5246338040865717,1,0
1878,-0.24981671946356088,0,0
1879,-1.2335851974538876,1,0
1880,-0.9019203846169166,1,0
1881,-1.0299027967672987,1,0
1882,-1.0980257635852948,1,0
1883,-0.9280824732168458,1,0
1884,-0.5724553808347493,1,0
1885,-0.9650646420751335,1,0
1886,-0.8648337580248383,1,0
1887,-1.1539153724161644,1,0
1888,-0.36231976430322055,1,0
1889,-0.42892942183382077,1,0
1890,-0.8029177641736829,1,0
1891,-1.0945469374482597,1,0
1892,-1.077852732595136,1,0
1893,-0.9906178365121393,1,0
1894,-0.4797104868335317,1,0
1895,-0.8741837579732015,1,0
1896,-0.6510387274097224,1,0
1897,-1.1480830014070826,1,0
1898,-0.4510799203465532,1,0
1899,-1.237516231153163,1,0
1900,-0.9270213714916847,1,0
1901,-0.8076651321117401,1,0
1902,-0.8706139001670304,1,0
1903,-0.9293868670366634,1,0
1904,-0.653986264988321,1,0
1905,-0.8224579996550518,1,0
1906,-1.2469692134435912,1,0
1907,-0.9737803711229842,1,0
1908,-0.7849042640443643,1,0
1909,-0.2766355049181435,0,0
1910,-1.0569304976894622,1,0
1911,-0.8652217860472489,1,0
1912,-0.8776879608478255,1,0
1913,-0.5837694222410289,1,0
1914,-1.2963160501521076,1,0
1915,-1.0310668808345302,1,0
1916,-0.7235971643561295,1,0
1917,-0.6414305339103282,1,0
1918,-0.4984746662700795,1,0
1919,-1.040791482740644,1,0
1920,-0.6321596149581693,1,0
1921,-0.9373921949712427,1,0
1922,-0.5134615478246007,1,0
1923,-0.9154864639448923,1,0
1924,-1.1330304649210117,1,0
1925,-0.7503263935332988,1,0
1926,-0.5855543511441158,1,0
1927,-0.5465663872422283,1,0
1928,-0.47796436073268556,1,0
1929,-0.8795102171614305,1,0
1930,-0.6918892258191756,1,0
1931,-0.7838700144485122,1,0
1932,-0.998105301952934,1,0
1933,-1.016390421697938,1,0
1934,-0.7879950621589887,1,0
1935,-1.0156651191282924,1,0
1936,-0.7344978010024095,1,0
1937,-0.8201164054559396,1,0
1938,-0.6176503177034776,1,0
1939,-0.6905445538053973,1,0
1940,-0.6433572479577265,1,0
1941,-0.6432542656156559,1,0
1942,-0.8324661718497939,1,0
1943,-1.0718531997041536,1,0
1944,-1.4226299418061221,0,0
1945,-1.026631410706122,1,0
1946,-0.7104847679821114,1,0
1947,-0.9493793100802755,1,0
1948,-0.9171281323119479,1,0
1949,-0.6885014313512766,1,0
1950,-0.7899740050732823,1,0
1951,-0.8063965903107179,1,0
1952,-1.1756912689711378,1,0
1953,-0.8014178809509359,1,0
1954,-1.1398463320507757,1,0
1955,-0.5203281684295402,1,0
1956,-0.8923524693114832,1,0
1957,-0.9805052065836123,1,0
1958,-0.752447121591901,1,0
1959,-0.6098136270425131,1,0
1960,-0.8372523425900891,1,0
1961,-0.8191463353999145,1,0
1962,-0.4212091395795814,1,0
1963,-0.8835710853320827,1,0
1964,-0.7177782194116994,1,0
1965,-1.1877694157493068,1,0
1966,-0.6080540748770152,1,0
1967,-1.1493366417517277,1,0
1968,-0.6981215755236053,1,0
1969,-0.8526138261023636,1,0
1970,-0.6824242928558127,1,0
1971,-0.9573577858855459,1,0
1972,-0.917244540718673,1,0
1973,-0.3574962661524045,1,0
1974,-0.6239736990770378,1,0
1975,-1.148354621022768,1,0
1976,-1.2304809732746058,1,0
1977,-1.2662885827844528,1,0
1978,-0.708208828714546,1,0
1979,-0.8517347877154746,1,0
1980,-0.8711959422006449,1,0
1981,-0.9480077859371855,1,0
1982,-0.2450574008525691,0,0
1983,-0.8020909546536864,1,0
1984,-0.8361643887356218,1,0
1985,-0.7633089554359401,1,0
1986,-0.9394218913607116,1,0
1987,-0.6715221808178129,1,0
1988,-0.6975395334899909,1,0
1989,-0.6692462415502476,1,0
1990,-0.7448686244819702,1,0
1991,-1.141371592011109,1,0
1992,-0.8060085622883101,1,0
1993,-0.8172076706795844,1,0
1994,-0.844233896210031,1,0
1995,-0.3466598090459516,1,0
1996,-0.7476116727681503,1,0
1997,-0.5536389725313035,1,0
1998,-0.845553191486223,1,0
1999,-0.9146716050978304,1,0
2000,-0.589213765227703,1,0
2001,-1.1412283314750775,1,0
2002,-0.776706397490301,1,0
2003,-0.6322491712355854,1,0
2004,-0.4370243060458162,1,0
2005,-1.1152900597991011,1,0
2006,-0.9488360708489019,1,0
2007,-0.45181864898085067,1,0
2008,-0.5634292293689724,1,0
2009,-0.8882005694716977,1,0
2010,-0.9863629543302832,1,0
2011,-0.9343013968566211,1,0
2012,-0.8355181671621748,1,0
2013,-0.6129044251571403,1,0
2014,-1.085623768324548,1,0
2015,-0.8428757981315926,1,0
2016,-1.1630833090262527,1,0
2017,-0.9750474375322837,1,0
2018,-1.0425883623166654,1,0
2019,-0.7511278263157062,1,0
2020,-0.535807535740257,1,0
2021,-0.9481376204085623,1,0
2022,-0.7933095706742888,1,0
2023,-0.936938512017288,1,0
2024,-1.108189146988997,1,0
2025,-0.7427478964233708,1,0
2026,-0.7299190703379699,1,0
2027,-0.5764505940738546,1,0
2028,-0.9348058332857512,1,0
2029,-0.7467953385293657,1,0
2030,-0.9178400088169392,1,0
2031,-0.463171493189371,1,0
2032,-0.9561668496890108,1,0
2033,-0.7492145383329624,1,0
2034,-0.8325437774542727,1,0
2035,-1.1065086758197036,1,0
2036,-0.7952109079840952,1,0
2037,-1.107001161575902,1,0
2038,-0.8893392768013375,1,0
2039,-0.5259277226251774,1,0
2040,-0.805323537912625,1,0
2041,-0.6027664184910242,1,0
2042,-0.954720670724879,1,0
2043,-0.5601563679160732,1,0
2044,-0.558475896746774,1,0
2045,-1.1943256139363145,1,0
2046,-0.8734853075328647,1,0
2047,-0.5812099126848436,1,0
2048,-0.16194755248005455,0,0
2049,-0.8680021617439471,1,0
2050,-0.888666203098587,1,0
2051,-0.6750383343653688,1,0
2052,-0.9089168396932301,1,0
2053,-0.7096430570057433,1,0
2054,-0.552424134988902,1,0
2055,-0.9569697578631381,1,0
2056,-0.6574262883231152,1,0
2057,-1.100043509301829,1,0
2058,-0.6994020679975593,1,0
2059,-0.6838197183447692,1,0
2060,-1.1374793611140743,1,0
2061,-0.9395263490945022,1,0
2062,-0.7628059943985271,1,0
2063,-1.2455200836960223,1,0
2064,-0.3697296241395337,1,0
2065,-0.9140119574597344,1,0
2066,-0.46428334838970464,1,0
2067,-0.7770944255127088,1,0
2068,-0.7231703335314782,1,0
2069,-0.16113269363299265,0,0
2070,-0.5510540862375318,1,0
2071,-0.7095400746636726,1,0
2072,-0.37778570554928836,1,0
2073,-1.2333001517735476,1,0
2074,-0.9659571065266742,1,0
2075,-0.5756103584892036,1,0
2076,-0.6128775730278313,1,0
2077,-1.1680500677131027,1,0
2078,-1.050205662228837,1,0
2079,-0.7786584882752828,1,0
2080,-0.5966355757369451,1,0
2081,-1.070429446694171,1,0
2082,-1.1937047691004592,1,0
2083,-0.6147789103376433,1,0
2084,-0.9533625726464462,1,0
2085,-0.0664745116490284,0,0
2086,-1.3100104885597375,1,0
2087,-0.7837028525666118,1,0
2088,-0.5804204305753707,1,0
2089,-0.41946301347873527,1,0
2090,-1.0346874921158766,1,0
2091,-0.8636174450907141,1,0
2092,-0.8812309665246904,1,0
2093,-0.5503422097325406,1,0
2094,-1.0287789908940304,1,0
2095,-0.8062801819039955,1,0
2096,-1.201826505441761,1,0
2097,-1.059257190432203,1,0
2098,-0.7496145170283075,1,0
2099,-0.8668888311518935,1,0
2100,-0.7125025136986429,1,0
2101,-0.3821167179439061,1,0
2102,-0.9335760942869753,1,0
2103,-0.640215696367924,1,0
2104,-0.5361701870250812,1,0
2105,-0.9794694815960375,1,0
2106,-1.0936544729967164,1,0
2107,-0.9638886073349673,1,0
2108,-0.8792788757397058,1,0
2109,-1.0531920026096708,1,0
2110,-0.6704879312219608,1,0
2111,-1.2452753162096402,1,0
2112,-0.8355957727666591,1,0
2113,-0.9868927674970024,1,0
2114,-0.7384944896332346,1,0
2115,-0.6673329535675038,1,0
2116,-0.6412514213554987,1,0
2117,-1.1486128145738017,1,0
2118,-0.7061134773935329,1,0
2119,-0.8334496679704706,1,0
2120,-0.8251473436826168,1,0
2121,-0.8764716479137014,1,0
2122,-0.37064746532866344,1,0
2123,-1.0300968107785051,1,0
2124,-0.5254874657358716,1,0
2125,-0.7118936195357195,1,0
2126,-0.2800501515153514,0,0
2127,-0.8519661291372022,1,0
2128,-1.1089786290984727,1,0
2129,-0.6280345672476928,1,0
2130,-0.7945646864106537,1,0
2131,-0.6341370824807402,1,0
2132,-0.9700836296288762,1,0
2133,-1.0475670716764474,1,0
2134,-0.47908964199767645,1,0
2135,-0.9805828121880938,1,0
2136,-0.5965191673302228,1,0
2137,-0.7975256500539013,1,0
2138,-0.802853584633853,1,0
2139,-1.2711255069999234,1,0
2140,-1.111229191628449,1,0
2141,-0.8801310619972885,1,0
2142,-0.6585008161129308,1,0
2143,-0.73517087470516,1,0
2144,-0.4063252403671308,1,0
2145,-1.502002770490571,0,0
2146,-1.3718608274793487,0,0
2147,-1.0035093667456447,1,0
2148,-1.291620911080943,1,0
2149,-0.7544126384415373,1,0
2150,-0.9800649496943065,1,0
2151,-1.3424810570768582,1,0
2152,-0.6456973667651189,1,0
2153,-0.7876473123305416,1,0
2154,-0.697721596828263,1,0
2155,-0.9809439880811954,1,0
2156,-1.2420173562131183,1,0
2157,-0.544884440681212,1,0
2158,-0.8872827282825652,1,0
2159,-0.8680021617439471,1,0
2160,-0.9412456230660365,1,0
2161,-0.7382736234927217,1,0
2162,-0.5427890893601989,1,0
2163,-1.163407157508836,1,0
2164,-1.0026049516211666,1,0
2165,-1.3085494081392341,1,0
2166,-0.8452173923307077,1,0
2167,-0.9336671259561086,1,0
2168,-1.3620974227709888,0,0
2169,-0.7292608980915938,1,0
2170,-1.2025891354219276,1,0
2171,-1.1343109573949657,1,0
2172,-0.7362185503656693,1,0
2173,-0.7066955194271474,1,0
2174,-0.7014720425809834,1,0
2175,-0.9465855083189229,1,0
2176,-0.8620533823281401,1,0
2177,-0.9322702250754322,1,0
2178,-0.8390089439721471,1,0
2179,-1.3125311953136847,1,0
2180,-0.9661899233401217,1,0
2181,-0.7141173299363923,1,0
2182,-1.1433893377276378,1,0
2183,-0.4520634164672327,1,0
2184,-0.9151760415269661,1,0
2185,-0.41802878518753805,1,0
2186,-0.7969182312827006,1,0
2187,-0.8255995512448544,1,0
2188,-0.9873330243863054,1,0
2189,-0.7252254066585306,1,0
2190,-0.8802996992709033,1,0
2191,-0.6815437790772066,1,0
2192,-1.135733235013231,1,0
2193,-0.8472470887201711,1,0
2194,-0.5963132026460871,1,0
2195,-0.5252815010517331,1,0
2196,-1.037648455759127,1,0
2197,-1.2747968717564424,1,0
2198,-0.9986216890549987,1,0
2199,-0.6067750577947839,1,0
2200,-0.6605439385670486,1,0
2201,-0.7546066524527439,1,0
2202,-1.0021661701235836,1,0
2203,-0.9786560981406955,1,0
2204,-1.34996852251765,0,0
2205,-1.041307869842714,1,0
2206,-0.5645022817670653,1,0
2207,-0.7436537869395687,1,0
2208,-0.6104598486159574,1,0
2209,-0.9635274314418657,1,0
2210,-0.956944381125549,1,0
2211,-1.1140871729296287,1,0
2212,-0.8193149726735321,1,0
2213,-0.6831227432961495,1,0
2214,-0.49839706066559797,1,0
2215,-0.7187736662053135,1,0
2216,-1.070586133294857,1,0
2217,-1.0246405171188937,1,0
2218,-0.5498243472387532,1,0
2219,-1.2764653922528069,1,0
2220,-1.1128201065203318,1,0
2221,-0.9109077332804555,1,0
2222,-0.736166321498774,1,0
2223,-0.6138088402816183,1,0
2224,-0.813276636980309,1,0
2225,-0.9912894348231699,1,0
2226,-1.1218194058568054,1,0
2227,-1.119995674151475,1,0
2228,-0.9267751286135856,1,0
2229,-1.1525572743377315,1,0
2230,-1.0046734508128763,1,0
2231,-0.6815960079441019,1,0
2232,-0.6667240594045831,1,0
2233,-0.6572710771141521,1,0
2234,-0.7067865510962834,1,0
2235,-1.3980080146229035,0,0
2236,-0.804663890274529,1,0
2237,-0.6573755348479426,1,0
2238,-0.8354151848201097,1,0
2239,-0.7423479177280284,1,0
2240,-0.7391153344690898,1,0
2241,-0.36883715968799025,1,0
2242,-0.789921776206387,1,0
2243,-1.0217944864906485,1,0
2244,-0.8362942232069959,1,0
2245,-0.9086974489444399,1,0
2246,-0.9692150665231991,1,0
2247,-0.6817512191530622,1,0
2248,-0.7275416241200594,1,0
2249,-0.5031429532119353,1,0
2250,-0.8998906882274532,1,0
2251,-0.6957948827808647,1,0
2252,-1.1160004609123753,1,0
2253,-1.22108021985107,1,0
2254,-1.38427477341303,0,0
2255,-0.681790021955303,1,0
2256,-0.9615335870712005,1,0
2257,-0.5466559435196444,1,0
2258,-0.458761399798549,1,0
2259,-0.6641376977190888,1,0
2260,-0.6916564090057337,1,0
2261,-0.3852731709900803,1,0
2262,-1.1863471381310413,1,0
2263,-0.5623293248415678,1,0
2264,-1.2883375743468344,1,0
2265,-0.764370057161104,1,0
2266,-0.6490985872976751,1,0
2267,-0.5901450324814844,1,0
2268,-0.5676960622237603,1,0
2269,-0.9116837893252738,1,0
2270,-0.8759418347469794,1,0
2271,-0.8560792261747469,1,0
2272,-0.9956875775410573,1,0
2273,-0.5988607615293379,1,0
2274,-1.2035845822155389,1,0
2275,-1.1783940390633574,1,0
2276,-0.6875701640974924,1,0
2277,-0.706864156700765,1,0
2278,-1.0182514808137837,1,0
2279,-0.6937771370643331,1,0
2280,-1.1444877668633224,1,0
2281,-0.5823725213603526,1,0
2282,-0.5034787523674505,1,0
2283,-0.38449711494526195,1,0
2284,-0.5983831772295112,1,0
2285,-0.5230563152593432,1,0
2286,-1.0594765811809959,1,0
2287,-0.554997070609739,1,0
2288,-1.252891140730092,1,0
2289,-0.9375727829177949,1,0
2290,-0.7951721051818544,1,0
2291,-0.7782973123821813,1,0
2292,-0.727592377595232,1,0
2293,-0.7967107912068422,1,0
2294,-1.2365595871617896,1,0
2295,-1.091533744938114,1,0
2296,-1.326768872952691,1,0
2297,-0.5317466675696075,1,0
2298,-0.9578353701853726,1,0
2299,-0.8221461018454057,1,0
2300,-0.7482056654746994,1,0
2301,-0.6661942462378612,1,0
2302,-0.8714541357516759,1,0
2303,-0.6124253654655937,1,0
2304,-0.7703830161167352,1,0
2305,-0.48029252886714613,1,0
2306,-0.8579805634845561,1,0
2307,-1.3418736383056546,1,0
2308,-0.816845019394763,1,0
2309,-0.5353672788509539,1,0
2310,-0.8992056638517681,1,0
2311,-0.6840779118958029,1,0
2312,-0.4976986102252612,1,0
2313,-1.0293341807983385,1,0
2314,-0.7817224342606038,1,0
2315,-1.0867236728519525,1,0
2316,-0.14500710474882883,0,0
2317,-0.371345915769003,1,0
2318,-0.9108569798052829,1,0
2319,-0.8648979375646682,1,0
2320,-0.8682991580972244,1,0
2321,-0.8238026716688329,1,0
2322,-1.0321667853619294,1,0
2323,-0.9207367929203625,1,0
2324,-0.5580236891845364,1,0
2325,-0.7066701426895583,1,0
2326,-0.8954417920343904,1,0
2327,-0.6652629789840797,1,0
2328,-0.5389759394593657,1,0
2329,-0.7147381747722475,1,0
2330,-0.9838541982492705,1,0
2331,-0.9953503029938193,1,0
2332,-0.5751447248623143,1,0
2333,-0.44527440146677477,1,0
2334,-0.7883308613145068,1,0
2335,-0.8494319963186003,1,0
2336,-0.574122425939394,1,0
2337,-0.9377533708643471,1,0
2338,-0.25104498307061685,0,0
2339,-0.7399421439890835,1,0
2340,-0.8225102285219471,1,0
2341,-0.9449960688187625,1,0
2342,-1.2079170700018764,1,0
2343,-0.6776903509824128,1,0
2344,-0.6926906586015857,1,0
2345,-0.16323999562694036,0,0
2346,-0.6382755562558767,1,0
2347,-1.0966422887692728,1,0
2348,-0.9039247042687937,1,0
2349,-0.7462401486250603,1,0
2350,-0.8245399249114133,1,0
2351,-0.5976578746598682,1,0
2352,-1.1485352089693173,1,0
2353,-0.3698967860214314,1,0
2354,-0.7678608339710707,1,0
2355,-0.23643270347385448,0,0
2356,-0.8450099522548493,1,0
2357,-0.5250218321089795,1,0
2358,-0.8889885761894478,1,0
2359,-0.7454894693178254,1,0
2360,-0.630386636728017,1,0
2361,-0.7498607599064067,1,0
2362,-0.6488672458759476,1,0
2363,-0.7507263722286411,1,0
2364,-0.7874771996652041,1,0
2365,-0.880402681612974,1,0
2366,-0.5580236891845364,1,0
2367,-0.7849176901090188,1,0
2368,-1.0722278016619096,1,0
2369,-1.0726024036196686,1,0
2370,-0.8407938728752312,1,0
2371,-0.862519015955035,1,0
2372,-0.7482310422122856,1,0
2373,-0.6720266172469458,1,0
2374,-0.7466789301226462,1,0
2375,-0.6816736135485807,1,0
2376,-0.7000751417003098,1,0
2377,-0.6778321361267242,1,0
2378,-0.8210864755119646,1,0
2379,-1.091650153344839,1,0
2380,-0.8084650895024248,1,0
2381,-0.8379358915740515,1,0
2382,-0.555307493027668,1,0
2383,-0.09942413985769283,0,0
2384,-0.28079935543086354,0,0
2385,-0.5746149116955951,1,0
2386,-0.9651944765465104,1,0
2387,-0.4736199222734133,1,0
2388,-0.36069004660909953,1,0
2389,-0.8678977040101593,1,0
2390,-0.7832879724148978,1,0
2391,-1.0328249576083082,1,0
2392,-1.252632947179058,1,0
2393,-0.7039405204680355,1,0
2394,-0.4927975064699608,1,0
2395,-1.2380072415176413,1,0
2396,-0.5923687428821572,1,0
2397,-0.5289021123330795,1,0
2398,-0.7066313398873175,1,0
2399,-0.7600883228499361,1,0
2400,-1.2431157853488002,1,0
2401,-0.7468341413316065,1,0
2402,-0.6098270531071676,1,0
2403,-0.774546866629458,1,0
2404,-0.7844266797445376,1,0
2405,-0.4263952890152217,1,0
2406,-0.7953661191930611,1,0
2407,-0.20936767514116994,0,0
2408,-0.4275459470177989,1,0
2409,-0.8034863801426428,1,0
2410,-0.8897795336906461,1,0
2411,-1.0418257323364988,1,0
2412,-0.8445965474948497,1,0
2413,-1.0263597910904338,1,0
2414,-0.4435551274952376,1,0
2415,-0.4531752716675663,1,0
2416,-0.8786699815767851,1,0
2417,-1.0190141107939503,1,0
2418,-1.0296699799538538,1,0
2419,-1.1426520844850603,1,0
2420,-0.7175573532711865,1,0
2421,-1.3784424024039454,0,0
2422,-0.5555537359057672,1,0
2423,-0.6964545304189607,1,0
2424,-0.8818891387710664,1,0
2425,-0.4457400350936669,1,0
2426,-0.25365672149369745,0,0
2427,-0.9966830243346686,1,0
2428,-0.6929622782172712,1,0
2429,-0.9326074996226674,1,0
2430,-0.4572868933133911,1,0
2431,-0.4390674284999341,1,0
2432,-1.2577937198771094,1,0
2433,-1.1427162640248874,1,0
2434,-0.8805966956241806,1,0
2435,-1.052235358618303,1,0
2436,-1.0724203402813965,1,0
2437,-0.6227693368158482,1,0
2438,-0.7785808826708013,1,0
2439,-0.8079218502710511,1,0
2440,-1.130884360124823,1,0
2441,-0.6937517603267468,1,0
2442,-0.32175431157411005,0,0
2443,-0.729183292487115,1,0
2444,-0.7927931835722213,1,0
2445,-0.7760079470499615,1,0
2446,-1.4197197316380472,0,0
2447,-0.46439975679642975,1,0
2448,-1.1791835211728303,1,0
2449,-0.9408053661767335,1,0
2450,-1.0341576789491547,1,0
2451,-0.7273864129110935,1,0
2452,-0.5714718847140726,1,0
2453,-0.5550090212826736,1,0
2454,-1.090460692540021,1,0
2455,-0.16472792817675275,0,0
2456,-0.8690364113398019,1,0
2457,-0.5752999360712774,1,0
2458,-1.0097043890395507,1,0
2459,-0.9084646321309925,1,0
2460,-0.7886427591241529,1,0
2461,-0.4725602959399722,1,0
2462,-0.6696596463102444,1,0
2463,-0.8062801819039955,1,0
2464,-0.5829948415879277,1,0
2465,-0.6955620659674172,1,0
2466,-0.7734603881667079,1,0
2467,-0.7679250135109006,1,0
2468,-0.4639863520364301,1,0
2469,-0.886066415348441,1,0
2470,-0.7596361152876985,1,0
2471,-0.655241380724686,1,0
2472,-0.892106226433384,1,0
2473,-0.946612360448229,1,0
2474,-0.7316786225034705,1,0
2475,-0.7797061639357922,1,0
2476,-1.0469328007759375,1,0
2477,-0.9776472252824325,1,0
2478,-1.113543933698255,1,0
2479,-0.882653244142953,1,0
2480,-0.4630416587179942,1,0
2481,-0.5128407029887455,1,0
2482,-0.5812860428976024,1,0
2483,-0.3962126104386038,1,0
2484,-0.8279008672500088,1,0
2485,-0.9956741514764028,1,0
2486,-0.7555244936418737,1,0
2487,-0.3448883062075192,1,0
2488,-0.9718536570755859,1,0
2489,-0.5816740709200158,1,0
2490,-0.7864698021986583,1,0
2491,-1.1012583468442334,1,0
2492,-1.2280512981897973,1,0
2493,-0.9158356891650621,1,0
2494,-0.5341136385063089,1,0
2495,-0.7363991383122215,1,0
2496,-0.8272038922013891,1,0
2497,-1.215094113024745,1,0
2498,-0.7041091577416531,1,0
2499,-0.8078203433207004,1,0
2500,-0.7828223387880029,1,0
2501,-0.8408983306090217,1,0
2502,-0.6394396403231056,1,0
2503,-1.0085268789076673,1,0
2504,-0.6616035649004898,1,0
2505,-0.5219176079296978,1,0
2506,-0.9437678052117038,1,0
2507,-0.7888741005458805,1,0
2508,-0.9699269430281904,1,0
2509,-1.024006246218387,1,0
2510,-0.5574416471509219,1,0
2511,-1.0065225592557874,1,0
2512,-0.914774587439901,1,0
2513,-0.7535589767922346,1,0
2514,-0.9912640580855808,1,0
2515,-0.9633319420389419,1,0
2516,-0.7372259478322152,1,0
2517,-0.7429031076323339,1,0
2518,-0.5116512421839275,1,0
2519,-0.9318970985093961,1,0
2520,-0.9640557692168678,1,0
2521,-0.5778086921522874,1,0
2522,-0.928546631452018,1,0
2523,-1.091560597067423,1,0
2524,-1.244564915096369,1,0
2525,-1.2612844966870789,1,0
2526,-0.7341485757822425,1,0
2527,-1.2560863965785096,1,0
2528,-0.8278247370372444,1,0
2529,-0.8051160978367666,1,0
2530,-0.5008535878797155,1,0
2531,-1.141526803220072,1,0
2532,-0.7209719998683944,1,0
2533,-0.8762134543626676,1,0
2534,-1.1267846891519329,1,0
2535,-0.46036574075508374,1,0
2536,-0.7803792376385427,1,0
2537,-1.1108023608038002,1,0
2538,-0.4501367024198344,1,0
2539,-0.6494478125178421,1,0
2540,-0.8069010267398535,1,0
2541,-0.9278093782094404,1,0
2542,-0.5159180750387155,1,0
2543,-0.6886685932331743,1,0
2544,-0.6183099653415736,1,0
2545,-1.3405677690941116,1,0
2546,-0.8491872288322239,1,0
2547,-0.37336218609381466,1,0
2548,-1.0645716989475003,1,0
2549,-0.66685389387596,1,0
2550,-1.094249941094985,1,0
2551,-0.6984961774813614,1,0
2552,-0.7609300338263042,1,0
2553,-0.6974753539501638,1,0
2554,-0.7248642307654263,1,0
2555,-0.7388034366594409,1,0
2556,-0.6247363290572044,1,0
2557,-0.8516034778523779,1,0
2558,-1.0553261567329302,1,0
2559,-0.6324700373760983,1,0
2560,-0.6892506352667888,1,0
2561,-0.5373074189630012,1,0
2562,-1.0317265284726262,1,0
2563,-0.54356514540502,1,0
2564,-0.723829981169577,1,0
2565,-1.1104531355836307,1,0
2566,-1.0073508441675039,1,0
2567,-0.6857210556545784,1,0
2568,-0.6282017291295877,1,0
2569,-1.1206553217895738,1,0
2570,-1.241421888114849,1,0
2571,-1.3096090344726752,1,0
2572,-0.6164862336362459,1,0
2573,-0.9749190784526268,1,0
2574,-0.5055353008862229,1,0
2575,-1.1060042393905678,1,0
2576,-0.538341668558856,1,0
2577,-1.3080061689078604,1,0
2578,-0.7877502946726123,1,0
2579,-0.2380221429740148,0,0
2580,-0.5677348650260011,1,0
2581,-0.7081700259123053,1,0
2582,-1.1974298381155961,1,0
2583,-1.0104028394798903,1,0
2584,-1.2144986449264734,1,0
2585,-0.4593180650945772,1,0
2586,-0.8730196739059698,1,0
2587,-1.0955289581772192,1,0
2588,-0.8884856151520376,1,0
2589,-1.1116037935862078,1,0
2590,-0.1433012568419434,0,0
2591,-0.6787246005782649,1,0
2592,-1.2722119854626706,1,0
2593,-0.843302628956244,1,0
2594,-1.054188924795005,1,0
2595,-0.8157331641944265,1,0
2596,-1.0065225592557874,1,0
2597,-0.5258889198229366,1,0
2598,-0.7406271683647686,1,0
2599,-0.49203487648979416,1,0
2600,-0.6767083302534532,1,0
2601,-1.2266290205715347,1,0
2602,-1.032580190121929,1,0
2603,-0.9705209357347394,1,0
2604,-1.1333677394682469,1,0
2605,-0.672337039664872,1,0
2606,-0.6429945966729023,1,0
2607,-0.96696597938494,1,0
2608,-0.8915107583351151,1,0
2609,-1.2899016371094056,1,0
2610,-0.7176349588756681,1,0
2611,-0.8090217547984557,1,0
2612,-1.0412571163675388,1,0
2613,-0.7443910401821463,1,0
2614,-0.7235583615538888,1,0
2615,-0.8815025861403786,1,0
2616,-0.9043007816182724,1,0
2617,-0.4388211856218377,1,0
2618,-0.5958997978860875,1,0
2619,-0.5248412441624273,1,0
2620,-0.7863399677272814,1,0
2621,-0.8754254476449119,1,0
2622,-0.6857718091297538,1,0
2623,-0.8702258721446199,1,0
2624,-0.9992559599555084,1,0
2625,-1.0781497289484103,1,0
2626,-0.7936975986966965,1,0
2627,-0.3731815981472625,1,0
2628,-1.2216622618846873,1,0
2629,-1.3441883803754606,0,0
2630,-0.8548121597654473,1,0
2631,-0.595537146601266,1,0
2632,-0.6858896929281988,1,0
2633,-0.614132688764199,1,0
2634,-0.7155142308170659,1,0
2635,-1.1673635679457006,1,0
2636,-0.6202620561265554,1,0
2637,-0.6207276897534503,1,0
2638,-0.3390305584608483,1,0
2639,-0.5685243471354767,1,0
2640,-0.4484681819234726,1,0
2641,-1.3604811311415195,0,0
2642,-0.6302836543859464,1,0
2643,-0.5055472515591575,1,0
2644,-0.9651168709420288,1,0
2645,-0.9780218272401858,1,0
2646,-0.8450621811217418,1,0
2647,-1.346644907589578,0,0
2648,-0.9381413988867576,1,0
2649,-0.985522718745635,1,0
2650,-0.7431105477081951,1,0
2651,-0.9470138145352913,1,0
2652,-0.8450875578593281,1,0
2653,-0.9559877371341785,1,0
2654,-1.1661606810762253,1,0
2655,-0.6602976956889522,1,0
2656,-1.2739700622364487,1,0
2657,-0.6077705045883952,1,0
2658,-0.6577889396079395,1,0
2659,-1.02832530794007,1,0
2660,-0.5805234129174358,1,0
2661,-0.7470550074721222,1,0
2662,-0.9520686541078349,1,0
2663,-0.6309059746135243,1,0
2664,-0.5587355656895276,1,0
2665,-0.8514109392328939,1,0
2666,-0.42014951324614025,1,0
2667,-0.6823064090573705,1,0
2668,-0.4822968485190232,1,0
2669,-1.5001536620476597,0,0
2670,-0.938348838962616,1,0
2671,-0.47830015988820085,1,0
2672,-0.7255492551411113,1,0
2673,-1.082804589825609,1,0
2674,-0.4884903954212094,1,0
2675,-0.7468997962631563,1,0
2676,-0.8560404233725061,1,0
2677,-0.9788232600225932,1,0
2678,-0.29485644512332043,0,0
2679,-0.6391157918405221,1,0
2680,-1.1236297114974758,1,0
2681,-0.5150524627164837,1,0
2682,-1.2776040995824496,1,0
2683,-0.5795667689260681,1,0
2684,-0.8600624887409175,1,0
2685,-0.8322990099678934,1,0
2686,-0.6438363076492704,1,0
2687,-0.657621777726039,1,0
2688,-1.0865684616429867,1,0
2689,-1.1456518509305513,1,0
2690,-1.0908233438248427,1,0
2691,-0.7733186030223993,1,0
2692,-0.9828065225887611,1,0
2693,-0.9836989870403073,1,0
2694,-1.0553649595351682,1,0
2695,-0.7943452956618635,1,0
2696,-0.7365543495211846,1,0
2697,-0.6046021008692865,1,0
2698,-0.637926331035707,1,0
2699,-0.8214998802719642,1,0
2700,-1.0059539432868276,1,0
2701,-1.128530815252779,1,0
2702,-0.7575541900313398,1,0
2703,-0.73739458510583,1,0
2704,-0.7208958696556328,1,0
2705,-0.9552116810893574,1,0
2706,-0.8619115971838287,1,0
2707,-0.6797976529763605,1,0
2708,-0.8114529052749814,1,0
2709,-0.9129254789969871,1,0
2710,-0.7493563234772738,1,0
2711,-0.8564284513949166,1,0
2712,-0.6189308101774288,1,0
2713,-0.488620229892589,1,0
2714,-0.8740927263040654,1,0
2715,-0.6978499559079171,1,0
2716,-0.7487608553790048,1,0
2717,-0.8337466643237451,1,0
2718,-1.0401437857754825,1,0
2719,-0.9540983504973038,1,0
2720,-0.7838700144485122,1,0
2721,-0.6006964439076001,1,0
2722,-0.9451378539630712,1,0
2723,-0.8772089011562817,1,0
2724,-0.6383665879250128,1,0
2725,-0.8756060355914641,1,0
2726,-0.6684060059655994,1,0
2727,-0.32891792853232127,1,0
2728,-0.4992626729878352,1,0
2729,-1.269354004161491,1,0
2730,-0.8689976085375611,1,0
2731,-0.7967107912068422,1,0
2732,-1.3444465739264944,0,0
2733,-0.8087889379850083,1,0
2734,-0.8965028937595487,1,0
2735,-0.8010955078600751,1,0
2736,-0.9865569683414871,1,0
2737,-1.3449763870932134,0,0
2738,-0.6753770843043266,1,0
2739,-0.9703283971152554,1,0
2740,-1.3177815242891522,1,0
2741,-0.7782973123821813,1,0
2742,-0.9007055470745123,1,0
2743,-1.330777512256448,1,0
2744,-0.5368298346631772,1,0
2745,-0.8156033297230497,1,0
2746,-0.7108981727421082,1,0
2747,-0.6703446706859295,1,0
2748,-1.1140856975379088,1,0
2749,-0.91342991542612,1,0
2750,-0.654711567557964,1,0
2751,-1.0606794680504654,1,0
2752,-0.8470784514465562,1,0
2753,-1.1003017028528599,1,0
2754,-1.0807883195008001,1,0
2755,-1.0409466939496097,1,0
2756,-0.35509196780518226,1,0
2757,-0.9766264017512322,1,0
2758,-1.2014384774193503,1,0
2759,-0.9283138146385705,1,0
2760,-0.8448025121789909,1,0
2761,-0.9784874608670779,1,0
2762,-0.6445855115647853,1,0
2763,-1.3366486860677735,1,0
2764,-0.9927131878331524,1,0
2765,-0.9461721035589232,1,0
2766,-0.7713784629103493,1,0
2767,-0.7625717021933626,1,0
2768,-0.463171493189371,1,0
2769,-0.7004631697227204,1,0
2770,-1.2658751780244533,1,0
2771,-1.4004779679016726,0,0
2772,-0.9699015662906041,1,0
2773,-0.9711164038330083,1,0
2774,-0.4229925930909456,1,0
2775,-1.0596198417170273,1,0
2776,-0.686419506094918,1,0
2777,-0.8764462711761151,1,0
2778,-1.0133384263855516,1,0
2779,-0.6968022802474133,1,0
2780,-0.9781382356469109,1,0
2781,-0.7438866037530134,1,0
2782,-0.6968291323767195,1,0
2783,-0.9724879279760984,1,0
2784,-1.2111362271961608,1,0
2785,-0.6035932280110207,1,0
2786,-1.0181350724070615,1,0
2787,-1.09814217199202,1,0
2788,-1.043816625923724,1,0
2789,-0.49172445407186793,1,0
2790,-0.6002054335431217,1,0
2791,-0.4814954157366186,1,0
2792,-0.8643949765272552,1,0
2793,-0.9321538166687127,1,0
2794,-0.7036047213125202,1,0
2795,-0.9255588156794614,1,0
2796,-0.8591700242893741,1,0
2797,-0.9405859754279405,1,0
2798,-0.6874925584930108,1,0
2799,-0.8250309352758944,1,0
2800,-0.5678258966951372,1,0
2801,-0.40932500681262196,1,0
2802,-0.8115946904192928,1,0
2803,-0.47933588487577283,1,0
2804,-0.30055898166102823,0,0
2805,-0.7442224029085287,1,0
2806,-0.9012473109141661,1,0
2807,-0.642749829186523,1,0
2808,-0.7611106217728564,1,0
2809,-0.8713765301471943,1,0
2810,-0.9010025434277869,1,0
2811,-0.9058006648410194,1,0
2812,-0.9881986367085427,1,0
2813,-1.0292431491292025,1,0
2814,-0.6981096248506707,1,0
2815,-0.8516049532441006,1,0
2816,-0.9846690570963323,1,0
2817,-0.7873488405855472,1,0
2818,-0.9769487748420902,1,0
2819,-0.7252000299209443,1,0
2820,-0.9968889890188071,1,0
2821,-0.8435354457696886,1,0
2822,-0.8389328137593854,1,0
2823,-0.4291741893202,1,0
2824,-0.4224762059888809,1,0
2825,-0.849626010329807,1,0
2826,-0.9006786949452034,1,0
2827,-0.942382855003962,1,0
2828,-1.1776314090831907,1,0
2829,-1.1073891895983123,1,0
2830,-0.7871414005096888,1,0
2831,-0.9393965146231253,1,0
2832,-0.7471445637495383,1,0
2833,-0.9679748522432086,1,0
2834,-0.6072660681592623,1,0
2835,-0.5246994590181187,1,0
2836,-1.1517424154906697,1,0
2837,-0.5195267356471328,1,0
2838,-1.1777985709650856,1,0
2839,-1.0669640466217905,1,0
2840,-0.9748534235210771,1,0
2841,-0.06633272650471977,0,0
2842,-0.972255111162651,1,0
2843,-0.7235449354892343,1,0
2844,-0.7595853618125231,1,0
2845,-0.9240335557191282,1,0
2846,-0.9221844472762114,1,0
2847,-0.9129120529323353,1,0
2848,-0.2685928495730433,0,0
2849,-1.011126666657816,1,0
2850,-0.42470139178127086,1,0
2851,-0.6578545945394865,1,0
2852,-1.0736754560177615,1,0
2853,-1.027574628632838,1,0
2854,-0.21347929678699473,0,0
2855,-1.0065882141873372,1,0
2856,-0.714376998879146,1,0
2857,-0.7922111415386068,1,0
2858,-0.9025680815820808,1,0
2859,-0.5700884098980508,1,0
2860,-0.7543081807077467,1,0
2861,-0.9813708189058468,1,0
2862,-0.5310228403916817,1,0
2863,-0.036745516026368,0,0
2864,-0.8914465787952852,1,0
2865,-0.7893531602374243,1,0
2866,-0.005516637180963402,0,0
2867,-0.8031893837893711,1,0
2868,-0.9172057379164322,1,0
2869,-1.0020229095875521,1,0
2870,-0.7858877601650438,1,0
2871,-0.7368513458744591,1,0
2872,-1.1870590146360327,1,0
2873,-1.239133998174352,1,0
2874,-0.5942447034543802,1,0
2875,-0.7508308299624317,1,0
2876,-0.7834431836238581,1,0
2877,-0.6629094341120301,1,0
2878,-0.8368106103090633,1,0
2879,-1.2150806869600905,1,0
2880,-0.9176071920034945,1,0
2881,-0.82695764932329,1,0
2882,-1.0126653526828011,1,0
2883,-0.5261083105717296,1,0
2884,-0.6440691244627178,1,0
2885,-0.7058418577778447,1,0
2886,-0.7409629675202839,1,0
2887,-0.8492514083720509,1,0
2888,-0.877299932825415,1,0
2889,-0.8683125841618761,1,0
2890,-0.8751150252269857,1,0
2891,-0.9923624872212627,1,0
2892,-0.7744036060934267,1,0
2893,-0.5761401716559228,1,0
2894,-0.7581616088025406,1,0
2895,-1.0312086659788389,1,0
2896,-1.0105834274264425,1,0
2897,-0.8494588484479093,1,0
2898,-0.672337039664872,1,0
2899,-0.9605649924068982,1,0
2900,-0.6555130003403714,1,0
2901,-0.8337600903883996,1,0
2902,-0.407475898369708,1,0
2903,-1.0281835227957614,1,0
2904,-0.7002557296468592,1,0
2905,-0.8574119475155961,1,0
2906,-0.7910724342089642,1,0
2907,-1.061701766973386,1,0
2908,-0.7956377388087493,1,0
2909,-0.6824616202663336,1,0
2910,-0.8390745989036968,1,0
2911,-1.0366664350301673,1,0
2912,-0.9474137932306365,1,0
2913,-0.5909852680661354,1,0
2914,-0.5312288050758202,1,0
2915,-0.9708970130842182,1,0
2916,-0.2787308562391594,0,0
2917,-1.0960736728003129,1,0
2918,-1.155337650034427,1,0
2919,-1.1226730675061054,1,0
2920,-0.7790330902330389,1,0
2921,-0.37848415598962515,1,0
2922,-1.0370410369879206,1,0
2923,-0.6507805338586914,1,0
2924,-0.7322084356701897,1,0
2925,-0.7858489573628002,1,0
2926,-0.5927448202316332,1,0
2927,-1.1364704882558085,1,0
2928,-0.6602335161491224,1,0
2929,-0.8355181671621748,1,0
2930,-0.7577496794342636,1,0
2931,-1.102486610451292,1,0
2932,-0.855574789745614,1,0
2933,-0.7545409975211942,1,0
2934,-1.2249216972729293,1,0
2935,-0.6456063350959829,1,0
2936,-0.7261312971747286,1,0
2937,-0.662315441405481,1,0
2938,-0.7946303413422007,1,0
2939,-0.7159022588394792,1,0
2940,-0.646448046072351,1,0
2941,-1.49945521160732,0,0
2942,-0.9111151733563139,1,0
2943,-0.9800141962191311,1,0
2944,-0.9435469390711909,1,0
2945,-0.7928051342451559,1,0
2946,-1.6228857452225713,0,0
2947,-0.8779849572011,1,0
2948,-0.5074754409982729,1,0
2949,-1.23888775529625,1,0
2950,-0.8097470573680987,1,0
2951,-0.7566363488422073,1,0
2952,-0.6320551572243815,1,0
2953,-0.821668517545579,1,0
2954,-0.8862992321618857,1,0
2955,-0.5941670978498986,1,0
2956,-0.9689314962345791,1,0
2957,-1.1322812610055022,1,0
2958,-0.7099803315529785,1,0
2959,-0.7820716594807708,1,0
2960,-0.98957016085163,1,0
2961,-0.6707849275752326,1,0
2962,-1.1448757948857302,1,0
2963,-0.9071707135923868,1,0
2964,-0.60743323004116,1,0
2965,-0.754011184354475,1,0
2966,-1.0661491877747287,1,0
2967,-1.0312220920434907,1,0
2968,-1.0713741400126098,1,0
2969,-0.2336389017125018,0,0
2970,-1.0422525631611501,1,0
2971,-0.9981306786905203,1,0
2972,-0.7489041159150361,1,0
2973,-1.1520916407108368,1,0
2974,-0.7493309467396875,1,0
2975,-0.21879380530229198,0,0
2976,-1.3285284251181917,1,0
2977,-0.8492379823073992,1,0
2978,-0.7999568005304325,1,0
2979,-0.629883675690604,1,0
2980,-1.2273140449472197,1,0
2981,-0.9258184846222123,1,0
2982,-1.0325667640572744,1,0
2983,-1.2483661143242675,1,0
2984,-0.8852530318931018,1,0
2985,-0.745904349469545,1,0
2986,-0.21231521271976583,0,0
2987,-0.36539713635319604,1,0
2988,-0.6972559632013708,1,0
2989,-1.0726665831594957,1,0
2990,-0.49220203837169185,1,0
2991,-0.6289658345014743,1,0
2992,-0.16864701120309078,0,0
2993,-0.9044679435001673,1,0
2994,-1.2899016371094056,1,0
2995,-0.6727250676872853,1,0
2996,-0.7678623093627907,1,0
2997,-0.3375814287132767,1,0
2998,-1.2062231727679285,1,0
2999,-0.530764646840648,1,0
3000,-1.0113729095359152,1,0
3001,-0.6546608140827914,1,0
3002,-0.7542574272325742,1,0
3003,-0.9566847121827954,1,0
3004,-0.7747020778384212,1,0
3005,-0.8077412623244989,1,0
3006,-0.7610464422330293,1,0
3007,-0.8275784941591452,1,0
3008,-1.0248345311301006,1,0
3009,-0.8107932576368854,1,0
3010,-1.0299415995695393,1,0
3011,-1.3093896437238821,1,0
3012,-0.7686891188827871,1,0
3013,-0.7200541586792647,1,0
3014,-0.3053556276825381,0,0
3015,-0.5954341642591954,1,0
3016,-0.286101913273229,0,0
3017,-1.0934604589855095,1,0
3018,-0.8151764988983984,1,0
3019,-0.6085719373708026,1,0
3020,-0.49334074570133446,1,0
3021,-0.9485913033625198,1,0
3022,-1.0626196081625183,1,0
3023,-0.7112220212246889,1,0
3024,-0.6905699305429835,1,0
3025,-0.9346371960121336,1,0
3026,-1.13654809386029,1,0
3027,-0.3988377749263361,1,0
3028,-0.9196368883929606,1,0
3029,-0.8201298315205913,1,0
3030,-0.7799001779469933,1,0
3031,-0.5798906174086488,1,0
3032,-1.2116660403628798,1,0
3033,-0.5172507963795675,1,0
3034,-0.8961268164100755,1,0
3035,-1.034092024017605,1,0
3036,-0.5387684993835073,1,0
3037,-0.8860276125461974,1,0
3038,-1.5359478454928492,0,0
3039,-0.9392935322810547,1,0
3040,-0.8049355098902145,1,0
3041,-0.7996463781125035,1,0
3042,-0.6779739212710301,1,0
3043,-1.1078264957041757,1,0
3044,-0.5185178627888642,1,0
3045,-1.0051644611773547,1,0
3046,-0.6320939600266223,1,0
3047,-0.9518224112297385,1,0
3048,-0.9768457925000251,1,0
3049,-0.927576561395993,1,0
3050,-0.9111151733563139,1,0
3051,-0.9601262109093123,1,0
3052,-1.099073439245804,1,0
3053,-0.7159544877063745,1,0
3054,-1.2534612320907716,1,0
3055,-0.892636039600106,1,0
3056,-0.7759691442477207,1,0
3057,-0.9219904332650075,1,0
3058,-1.0507220493309044,1,0
3059,-0.9755011204862413,1,0
3060,-0.37047882805504584,1,0
3061,-1.0091477237435253,1,0
3062,-0.9162998474002343,1,0
3063,-0.9603456016581025,1,0
3064,-0.8142332809716823,1,0
3065,-0.12019263894612331,0,0
3066,-1.1095084422651946,1,0
3067,-1.1011807412397516,1,0
3068,-0.8893766042118612,1,0
3069,-0.8210491481014437,1,0
3070,-0.6559010283627847,1,0
3071,-0.5740716724642186,1,0
3072,-0.7588346825052911,1,0
3073,-0.7381452644130648,1,0
3074,-0.5432427723141564,1,0
3075,-0.8030341725804052,1,0
3076,-0.7733186030223993,1,0
3077,-0.8278113109725926,1,0
3078,-0.682009412704096,1,0
3079,-0.9599575736356947,1,0
3080,-0.34135725120358895,1,0
3081,-0.6512461674855835,1,0
3082,-1.284975156616519,1,0
3083,-0.9900104177409358,1,0
3084,-0.8316125102004912,1,0
3085,-0.792960345454119,1,0
3086,-0.5866274035422087,1,0
3087,-0.6628974834390955,1,0
3088,-0.7410539991894199,1,0
3089,-0.8600878654785038,1,0
3090,-1.0494684089862594,1,0
3091,-0.8737046982816549,1,0
3092,-0.7633223815005946,1,0
3093,-0.930395739894932,1,0
3094,-1.0438434780530303,1,0
3095,-0.8504020663746281,1,0
3096,-0.7877876220831331,1,0
3097,-0.8079352763357056,1,0
3098,-0.3190500660901707,0,0
3099,-1.0894786718110616,1,0
3100,-0.8799370479860846,1,0
3101,-1.1547944108030561,1,0
3102,-0.8474157259937887,1,0
3103,-1.1463114985686473,1,0
3104,-1.392357706952091,0,0
3105,-1.345830048742516,0,0
3106,-0.7796539350688969,1,0
3107,-0.6011367007969032,1,0
3108,-0.9041321443446548,1,0
3109,-0.8247727417248607,1,0
3110,-0.8257413363891658,1,0
3111,-0.3406722268279039,1,0
3112,-0.9266333434692742,1,0
3113,-0.5529166207451003,1,0
3114,-0.9007577759414048,1,0
3115,-0.7860429713740069,1,0
3116,-0.4331440258217134,1,0
3117,-1.010634180901615,1,0
3118,-1.0322697677039998,1,0
3119,-0.5281126302236067,1,0
3120,-0.895300006890079,1,0
3121,-0.6517625545876482,1,0
3122,-0.9861689403190765,1,0
3123,-0.9316105774373362,1,0
3124,-0.8335004214456432,1,0
3125,-1.2334434123095788,1,0
3126,-0.5658991826477389,1,0
3127,-0.6634660994080582,1,0
3128,-0.4038299103507753,1,0
3129,-1.3518430076981502,0,0
3130,-0.7816970575230148,1,0
3131,-1.2335851974538876,1,0
3132,-0.33762023151551745,1,0
3133,-1.2106317907670305,1,0
3134,-0.7194586905809958,1,0
3135,-0.3844195093407776,1,0
3136,-0.9344431820009269,1,0
3137,-1.0423301687656317,1,0
3138,-0.3246376696128789,1,0
3139,-1.113220085215677,1,0
3140,-0.8826666702076075,1,0
3141,-0.8370568531871625,1,0
3142,-0.9669913561225291,1,0
3143,-0.5862528015844526,1,0
3144,-0.4207047031504457,1,0
3145,-0.813587059398238,1,0
3146,-0.8104962612836136,1,0
3147,-0.6556294087470965,1,0
3148,-0.33388321182744873,1,0
3149,-0.7608524282218226,1,0
3150,-0.9508791933030197,1,0
3151,-1.0734814420065575,1,0
3152,-0.8301648558446395,1,0
3153,-0.6979932164439484,1,0
3154,-0.7441447973040471,1,0
3155,-0.22403070821310767,0,0
3156,-0.9492494756088959,1,0
3157,-0.8576432889373209,1,0
3158,-1.1259578796319363,1,0
3159,-0.9325298940181859,1,0
3160,-0.5013968271110891,1,0
3161,-0.46768456892225807,1,0
3162,-0.8701751186694445,1,0
3163,-0.9019472367462256,1,0
3164,-1.2657721956823824,1,0
3165,-0.6427886319887638,1,0
3166,-0.4696112829696564,1,0
3167,-0.4019673758432041,1,0
3168,-1.0433121894945914,1,0
3169,-0.8140377915687558,1,0
3170,-1.03220558816417,1,0
3171,-0.6516073433786851,1,0
3172,-0.6924458911152065,1,0
3173,-0.7029450736744214,1,0
3174,-0.8321557494318649,1,0
3175,-0.47925827927129405,1,0
3176,-0.5352001169690535,1,0
3177,-0.4468787424233095,1,0
3178,-0.8949507816699093,1,0
3179,-1.107154897393145,1,0
3180,-0.92484841456619,1,0
3181,-1.246400597474631,1,0
3182,-1.1381002059499323,1,0
3183,-0.894640359251983,1,0
3184,-0.34954464247644035,1,0
3185,-0.9917296917124729,1,0
3186,-1.0504504297152162,1,0
3187,-0.8383239195964648,1,0
3188,-1.1243281619378127,1,0
3189,-0.7052210129419867,1,0
3190,-0.6759576509462212,1,0
3191,-0.475792879198908,1,0
3192,-0.7434985757306029,1,0
3193,-0.5612696985081295,1,0
3194,-0.8733823251907941,1,0
3195,-1.6729041802421158,0,0
3196,-1.0316235461305556,1,0
3197,-0.7494846825569307,1,0
3198,-0.6051453401006601,1,0
3199,-1.092684402940694,1,0
3200,-0.5319541076454659,1,0
3201,-0.32867168565421934,1,0
3202,-0.7669683695195273,1,0
3203,-1.3458434748071708,0,0
3204,-0.45214102207171425,1,0
3205,-0.6766949041887987,1,0
3206,-0.6206635102136204,1,0
3207,-0.4006346545023576,1,0
3208,-1.1091980198472657,1,0
3209,-0.3168129296248462,0,0
3210,-0.877674534783171,1,0
3211,-0.5440830078988046,1,0
3212,-0.8213715211923073,1,0
3213,-1.079352615817883,1,0
3214,-0.8006030221038768,1,0
3215,-0.7473520038253967,1,0
3216,-0.6237796850658339,1,0
3217,-0.7934006023434248,1,0
3218,-0.6795648361629131,1,0
3219,-0.8371598355292331,1,0
3220,-0.7792793331111381,1,0
3221,-0.7319114393169179,1,0
3222,-0.8664112468520668,1,0
3223,-0.5001685635040304,1,0
3224,-0.7555886731817008,1,0
3225,-0.6395172459275872,1,0
3226,-0.7313293972833035,1,0
3227,-1.2306108077459825,1,0
3228,-0.913080690205953,1,0
3229,-1.1214060010968057,1,0
3230,-0.8533122765427031,1,0
3231,-0.9685688449497576,1,0
3232,-1.3868223322962807,0,0
3233,-0.8505707036482457,1,0
3234,-0.6347847794459044,1,0
3235,-0.861871318989868,1,0
3236,-1.119995674151475,1,0
3237,-0.7224450309618352,1,0
3238,-0.7791509740314811,1,0
3239,-0.9728117764586791,1,0
3240,-0.6883850229445543,1,0
3241,-0.8894422591434081,1,0
3242,-0.7734738142313624,1,0
3243,-1.073029234444317,1,0
3244,-0.8352599736111438,1,0
3245,-0.7632582019607648,1,0
3246,-0.5618771172793302,1,0
3247,-0.7680026191153821,1,0
3248,-0.39974366544253404,1,0
3249,-1.1339885843041047,1,0
3250,-1.1852994624705349,1,0
3251,-0.34183483550341287,1,0
3252,-1.0074284497719854,1,0
3253,-1.148290441482941,1,0
3254,-0.43489015192255953,1,0
3255,-0.9628409316744635,1,0
3256,-0.7004765957873749,1,0
3257,-0.9441170304318708,1,0
3258,-0.8303454437911889,1,0
3259,-1.3439943663642566,1,0
3260,-0.5903509971656257,1,0
3261,-0.8588596018714478,1,0
3262,-0.9978202562725913,1,0
3263,-0.8562478634483645,1,0
3264,-0.39370385435759103,1,0
3265,-1.2256574751237896,1,0
3266,-0.715320216805862,1,0
3267,-0.8130318694939298,1,0
3268,-1.013984647958996,1,0
3269,-0.9428619146955058,1,0
3270,-1.00938054055697,1,0
3271,-1.2386295617452165,1,0
3272,-0.8591954010269603,1,0
3273,-1.023773429404942,1,0
3274,-0.7179573319665317,1,0
3275,-0.8692169992863513,1,0
3276,-1.2535776404974968,1,0
3277,-0.3809929120706379,1,0
3278,-0.8530272308623632,1,0
3279,-0.8322855839032417,1,0
3280,-1.1248325983669483,1,0
3281,-0.7070059418450764,1,0
3282,-1.047644677280929,1,0
3283,-1.1670277687901827,1,0
3284,-0.9735863571117803,1,0
3285,-1.0978959291139179,1,0
3286,-0.552424134988902,1,0
3287,-0.7295459437719365,1,0
3288,-0.8296216166132658,1,0
3289,-0.8074188892336381,1,0
3290,-0.7786196854730421,1,0
3291,-0.9097570752778783,1,0
3292,-0.9526506961414521,1,0
3293,-0.9126926621835424,1,0
3294,-0.7988315192654416,1,0
3295,-1.157018121203726,1,0
3296,-1.1745152342309773,1,0
3297,-1.7014049122577175,0,0
3298,-0.9248364638932555,1,0
3299,-1.249258578775811,1,0
3300,-0.8990638787074567,1,0
3301,-0.6097748242402723,1,0
3302,-1.0536710623012202,1,0
3303,-1.1178241926177002,1,0
3304,-0.4365586724189241,1,0
3305,-0.7040435028101061,1,0
3306,-1.042006320283051,1,0
3307,-0.9131448697457772,1,0
3308,-0.8315229539230751,1,0
3309,-0.4223075687152633,1,0
3310,-0.7884606957858836,1,0
3311,-0.9318314435778491,1,0
3312,-0.6750263836924342,1,0
3313,-0.997457604987767,1,0
3314,-1.3197470411387913,1,0
3315,-0.4480413510988185,1,0
3316,-0.3454181193742384,1,0
3317,-1.3927457349744987,0,0
3318,-0.6174816804298572,1,0
3319,-0.599675620376397,1,0
3320,-0.5963773821859142,1,0
3321,-0.6916041801388384,1,0
3322,-0.6325983964557552,1,0
3323,-0.935840082881606,1,0
3324,-0.4698694765206901,1,0
3325,-0.954874406542125,1,0
3326,-0.6960784530694875,1,0
3327,-0.7071103995788641,1,0
3328,-0.23678192869402148,0,0
3329,-1.0007304664406664,1,0
3330,-1.0510712745510715,1,0
3331,-0.7608270514842363,1,0
3332,-1.6093853208261426,0,0
3333,-0.9684912393452733,1,0
3334,-1.2042830326558756,1,0
3335,-0.9933071805397015,1,0
3336,-0.8875409218335989,1,0
3337,-0.8655322084651806,1,0
3338,-0.6049647521541079,1,0
3339,-1.183644368038825,1,0
3340,-0.8562478634483645,1,0
3341,-0.8664112468520668,1,0
3342,-0.7805986283873328,1,0
3343,-0.7925857434963629,1,0
3344,-0.6384695702670778,1,0
3345,-1.109442787333645,1,0
3346,-1.0027989656323733,1,0
3347,-0.9804276009791307,1,0
3348,-0.6415215655794643,1,0
3349,-0.6593664284351652,1,0
3350,-0.791551493900508,1,0
3351,-0.9557937231229718,1,0
3352,-1.061727143710975,1,0
3353,-0.3514310783298752,1,0
3354,-1.438974921439079,0,0
3355,-0.8410789185555739,1,0
3356,-0.4388092349489031,1,0
3357,-0.9589621268420806,1,0
3358,-1.1950509165059602,1,0
3359,-0.8724107797430491,1,0
3360,-0.7469505497383316,1,0
3361,-0.871945146116157,1,0
3362,-0.5825157818963839,1,0
3363,-0.7296623521786588,1,0
3364,-0.9937340113643528,1,0
3365,-1.1527124855466946,1,0
3366,-0.8827830786143298,1,0
3367,-0.6198874541688021,1,0
3368,-1.0813047066028647,1,0
3369,-0.616072828876249,1,0
3370,-0.7452700785690353,1,0
3371,-1.1225700851640374,1,0
3372,-0.6035678512734316,1,0
3373,-0.745528272120069,1,0
3374,-0.6585261928505171,1,0
3375,-0.9370429697510757,1,0
3376,-0.9259468437018692,1,0
3377,-0.7711844488991426,1,0
3378,-0.9492106728066552,1,0
3379,-0.545945542406373,1,0
3380,-0.7669952216488363,1,0
3381,-0.5984981102445164,1,0
3382,-1.1572643640818225,1,0
3383,-0.8164704174370041,1,0
3384,-0.7365289727835983,1,0
3385,-0.6925488734572771,1,0
3386,-0.9618186327515432,1,0
3387,-0.8532480970028733,1,0
3388,-0.8520437347416837,1,0
3389,-0.9211890004826029,1,0
3390,-1.2195683859553914,1,0
3391,-0.9409217745834586,1,0
3392,-1.172807910932372,1,0
3393,-0.6705386846971362,1,0
3394,-0.4912841971825621,1,0
3395,-0.5450023244796542,1,0
3396,-1.008695516181285,1,0
3397,-0.7747796834429027,1,0
3398,-0.6018471019101745,1,0
3399,-0.5255650713403531,1,0
3400,-0.4900947363777469,1,0
3401,-1.0701712531431373,1,0
3402,-0.8634890860110572,1,0
3403,-0.9436633474779133,1,0
3404,-0.7851117041202227,1,0
3405,-1.0812405270630348,1,0
3406,-0.6478837497552681,1,0
3407,-0.709966905488324,1,0
3408,-0.9434051539268795,1,0
3409,-0.9430156505127518,1,0
3410,-0.9040799154777596,1,0
3411,-1.0261792031438817,1,0
3412,-1.2638320555703353,1,0
3413,-0.7186572577985884,1,0
3414,-1.1813684287712622,1,0
3415,-0.99739342544794,1,0
3416,-0.8227937988105699,1,0
3417,-1.2506286275271812,1,0
3418,-1.2292915124697905,1,0
3419,-0.6005024298963935,1,0
3420,-0.4144843041189533,1,0
3421,-0.8551091561187218,1,0
3422,-0.9657511418425385,1,0
3423,-0.9791217317675904,1,0
3424,-0.8973819321464405,1,0
3425,-0.6938427919958828,1,0
3426,-1.0269552591887026,1,0
3427,-0.46994708212517167,1,0
3428,-1.1326827150925645,1,0
3429,-0.7184632437873845,1,0
3430,-0.9155640695493739,1,0
3431,-1.0442822595506163,1,0
3432,-1.051835379922958,1,0
3433,-0.8470396486443155,1,0
3434,-0.9570219867300334,1,0
3435,-1.0437524463838943,1,0
3436,-1.2749923611593688,1,0
3437,-1.1554928612433928,1,0
3438,-0.6608543609849776,1,0
3439,-0.6345907654347005,1,0
3440,-0.6953292491539753,1,0
3441,-0.4385241892685604,1,0
3442,-1.117021284443573,1,0
3443,-0.6343952760317739,1,0
3444,-1.0422779398987365,1,0
3445,-0.9990619459443018,1,0
3446,-0.8985072134114314,1,0
3447,-1.2739312594342078,1,0
3448,-1.5763327102754103,0,0
3449,-0.8253025548915799,1,0
3450,-0.5114826049103127,1,0
3451,-0.6989632864999734,1,0
3452,-0.7208675421346067,1,0
3453,-0.7188900746120358,1,0
3454,-0.5059621317108742,1,0
3455,-0.5138883786492521,1,0
3456,-0.9792112880450038,1,0
3457,-0.5476916685072164,1,0
3458,-0.649292601308879,1,0
3459,-0.7470803842097085,1,0
3460,-0.9372369837622824,1,0
3461,-0.7638268179297275,1,0
3462,-0.608028698139429,1,0
3463,-0.8337586149966797,1,0
3464,-0.9540475970221285,1,0
3465,-0.8082710754912209,1,0
3466,-0.9080109491770322,1,0
3467,-0.8064741959151994,1,0
3468,-0.6250467514751334,1,0
3469,-0.7721545189551704,1,0
3470,-0.9112435324359708,1,0
3471,-0.6269868915871835,1,0
3472,-0.6174563036922709,1,0
3473,-0.980802202936884,1,0
3474,-1.3826584817835608,0,0
3475,-0.8879423759206639,1,0
3476,-0.9777904858184611,1,0
3477,-0.6792558891367068,1,0
3478,-0.9643408148972077,1,0
3479,-0.8464576066106982,1,0
3480,-0.6455943844230511,1,0
3481,-0.3983079617596169,1,0
3482,-0.639244150920179,1,0
3483,-0.9447886287429014,1,0
3484,-0.8590013870157565,1,0
3485,-0.7937110247613538,1,0
3486,-1.066653624203859,1,0
3487,-1.2671810472359935,1,0
3488,-0.9277183465403044,1,0
3489,-1.10561621136816,1,0
3490,-0.8510094851458289,1,0
3491,-0.2607293067827754,0,0
3492,-0.18959462284635353,0,0
3493,-0.9023994443084632,1,0
3494,-1.1592164548668098,1,0
3495,-1.074063484040172,1,0
3496,-1.0202692265303153,1,0
3497,-0.7496786965681373,1,0
3498,-0.7362827299054964,1,0
3499,-0.7065015054159407,1,0
3500,-1.158376219282159,1,0
3501,-0.634862385050386,1,0
3502,-0.6726340360181493,1,0
3503,-0.7775854358771872,1,0
3504,-0.6956128194425926,1,0
3505,-0.7063731463362866,1,0
3506,-0.7669683695195273,1,0
3507,-0.3656299531666407,1,0
3508,-1.0015826526982492,1,0
3509,-0.8011074585330069,1,0
3510,-0.9844616170204712,1,0
3511,-0.4946854177151183,1,0
3512,-0.9771039860510561,1,0
3513,-1.0971974786735812,1,0
3514,-1.2490511386999525,1,0
3515,-0.929140624158567,1,0
3516,-1.4069311837466125,0,0
3517,-0.6231976430322195,1,0
3518,-0.8431220410096918,1,0
3519,-0.9419574995710278,1,0
3520,-0.3343100426520973,1,0
3521,-1.1643891782377958,1,0
3522,-0.5575192527554063,1,0
3523,-1.3616705919463374,0,0
3524,-0.8736927476087203,1,0
3525,-0.5998815850605382,1,0
3526,-1.05766627554032,1,0
3527,-0.9365385333219456,1,0
3528,-0.7666206196910802,1,0
3529,-0.9944832152798622,1,0
3530,-0.49502121687063083,1,0
3531,-1.3749650516586276,0,0
3532,-0.5816218420531205,1,0
3533,-0.6618363817139344,1,0
3534,-1.1340796159732407,1,0
3535,-0.5594847696050426,1,0
3536,-0.7336441393531068,1,0
3537,-0.9370817725533165,1,0
3538,-0.7837416553688553,1,0
3539,-0.651919241188334,1,0
3540,-0.7509726151067431,1,0
3541,-0.615102758820224,1,0
3542,-0.664694363015117,1,0
3543,-1.2255291160441328,1,0
3544,-1.2838244986139447,1,0
3545,-0.8987266041602215,1,0
3546,-0.7943960491370361,1,0
3547,-0.9384518213046866,1,0
3548,-1.091184519717947,1,0
3549,-0.5332211740547654,1,0
3550,-0.909137705833743,1,0
3551,-0.6334789102343641,1,0
3552,-0.6479225525575089,1,0
3553,-0.7022854260363254,1,0
3554,-0.10713099604727772,0,0
3555,-0.9157700342335151,1,0
3556,-1.037623079021538,1,0
3557,-0.7125532671738183,1,0
3558,-1.0595541867854774,1,0
3559,-0.31144766763437637,0,0
3560,-0.873640518741825,1,0
3561,-0.5932224045314599,1,0
3562,-0.992725138506087,1,0
3563,-0.3713966692441756,1,0
3564,-0.8322214043634119,1,0
3565,-1.3518295816334986,0,0
3566,-0.8427071608579778,1,0
3567,-1.1368853684075253,1,0
3568,-0.6766814781241443,1,0
3569,-0.8487484473346407,1,0
3570,-0.6616304170297987,1,0
3571,-0.6639959125747774,1,0
3572,-0.6501596890228334,1,0
3573,-0.7198079158011628,1,0
3574,-0.7633492336299008,1,0
3575,-0.8199492435740419,1,0
3576,-1.1789895071616263,1,0
3577,-1.2731029745224913,1,0
3578,-0.6833018558509818,1,0
3579,-0.41700648626462056,1,0
3580,-0.8163286322926955,1,0
3581,-0.8814503572734833,1,0
3582,-0.8702512488822062,1,0
3583,-0.4608687017924995,1,0
3584,-0.7505845870843325,1,0
3585,-0.9197398707350285,1,0
3586,-0.8834024480584651,1,0
3587,-0.36704028011197154,1,0
3588,-0.9337447315605901,1,0
3589,-1.0536054073696706,1,0
3590,-1.2863198286303001,1,0
3591,-0.9103391173114928,1,0
3592,-0.9022308070348428,1,0
3593,-0.5568849818548965,1,0
3594,-0.49119316551342607,1,0
3595,-1.3362084291784675,1,0
3596,-0.7602972383175172,1,0
3597,-0.538690893779023,1,0
3598,-1.0478774940943762,1,0
3599,-0.8394238241238638,1,0
3600,-0.878023760003338,1,0
3601,-0.8740285467642384,1,0
3602,-0.8388283560255949,1,0
3603,-0.8781013656078224,1,0
3604,-0.5560447462702484,1,0
3605,-0.7641372403476565,1,0
3606,-0.9457064699320339,1,0
3607,-0.849626010329807,1,0
3608,-0.721360027890805,1,0
3609,-0.9035889051132812,1,0
3610,-1.130224712486727,1,0
3611,-0.9296450605876999,1,0
3612,-0.7047688053797518,1,0
3613,-0.8434846922945161,1,0
3614,-0.9304345426971727,1,0
3615,-0.8639159168357113,1,0
3616,-0.8856395845237897,1,0
3617,-0.5483244640160062,1,0
3618,-0.6948501894624259,1,0
3619,-0.9618066820786086,1,0
3620,-0.9895179319847347,1,0
3621,-0.8573074897818056,1,0
3622,-1.1160512143875478,1,0
3623,-0.5365179368535283,1,0
3624,-0.9194951032486492,1,0
3625,-1.2511211132833795,1,0
3626,-0.7520202907672496,1,0
3627,-0.9047783659180964,1,0
3628,-0.9588964719105336,1,0
3629,-0.610912056178195,1,0
3630,-0.6077182757215,1,0
3631,-0.6355459340343511,1,0
3632,-0.7387004543173731,1,0
3633,-0.5961326146995349,1,0
3634,-1.045382164078018,1,0
3635,-0.8746881944023344,1,0
3636,-1.1092621993870928,1,0
3637,-0.4741497354401325,1,0
3638,-1.0160158197401792,1,0
3639,-0.7475848206388414,1,0
3640,-0.6359339620567617,1,0
3641,-1.0335622108508857,1,0
3642,-0.6751174153615702,1,0
3643,-0.9299435323326943,1,0
3644,-1.1857262932951862,1,0
3645,-0.757270619742717,1,0
3646,-1.2811993341262067,1,0
3647,-0.9240723585213689,1,0
3648,-1.2846513081339384,1,0
3649,-0.9974456543148352,1,0
3650,-0.45395132771238467,1,0
3651,-1.3431929335818493,1,0
3652,-1.0461835968604256,1,0
3653,-0.699066268842044,1,0
3654,-1.023721200538047,1,0
3655,-1.0121609162536656,1,0
3656,-0.584894703506017,1,0
3657,-0.6565084471339855,1,0
3658,-0.9459915156123738,1,0
3659,-1.0946230676610214,1,0
3660,-0.9243827809392952,1,0
3661,-0.9190936491615842,1,0
3662,-0.6244259066392754,1,0
3663,-0.8115305108794629,1,0
3664,-0.5253710573291492,1,0
3665,-0.5180656552266266,1,0
3666,-1.1212895926900834,1,0
3667,-0.9477242156485655,1,0
3668,-0.493948164472538,1,0
3669,-1.1380867798852778,1,0
3670,-0.9853540814720174,1,0
3671,-0.6529788675217751,1,0
3672,-1.1511349967194662,1,0
3673,-0.8284575325460342,1,0
3674,-0.8045474818678067,1,0
3675,-1.5054547444982997,0,0
3676,-0.7069149101759403,1,0
3677,-0.9295808810478701,1,0
3678,-0.7582794926009856,1,0
3679,-0.9477883951883925,1,0
3680,-0.6724534480715971,1,0
3681,-1.0954528279644578,1,0
3682,-0.5223966676212471,1,0
3683,-0.7382870495573735,1,0
3684,-0.5703212267114954,1,0
3685,-0.8629712235172726,1,0
3686,-1.1688649265601647,1,0
3687,-1.0011692479382495,1,0
3688,-0.6042274989115304,1,0
3689,-0.74715798981419,1,0
3690,-1.1853128885351865,1,0
3691,-0.7794733471223447,1,0
3692,-0.21050490707908986,0,0
3693,-0.3093135135111197,0,0
3694,-1.0566962054842977,1,0
3695,-0.46851285383397445,1,0
3696,-0.8606699075121182,1,0
3697,-1.1491948566074162,1,0
3698,-0.6717027687643651,1,0
3699,-0.7346142094091346,1,0
3700,-1.1269921292277911,1,0
3701,-0.4306874986075987,1,0
3702,-1.0241226546251092,1,0
3703,-0.8560016205702681,1,0
3704,-0.872540614214426,1,0
3705,-0.7767840030947826,1,0
3706,-1.0645597482745655,1,0
3707,-0.9683360281363101,1,0
3708,-0.7555498703794628,1,0
3709,-1.174812230584249,1,0
3710,-0.9176967482809106,1,0
3711,-0.8358032128425175,1,0
3712,-1.153294527580309,1,0
3713,-1.1217940291192163,1,0
3714,-0.9189250118879694,1,0
3715,-1.0259851891326777,1,0
3716,-1.0866206905098819,1,0
3717,-0.4479771715589914,1,0
3718,-0.6813885678682408,1,0
3719,-0.9613141963224103,1,0
3720,-0.8914331527306335,1,0
3721,-0.7259895120304172,1,0
3722,-0.24042791671295694,0,0
3723,-0.9051022144006798,1,0
3724,-0.7847236760978149,1,0
3725,-0.81411687256496,1,0
3726,-0.9614320801208526,1,0
3727,-0.8638263605582952,1,0
3728,-0.5224488964881396,1,0
3729,-0.6326118225204069,1,0
3730,-0.8948477993278414,1,0
3731,-0.3702206345040121,1,0
3732,-0.9239947529168874,1,0
3733,-0.7733186030223993,1,0
3734,-0.5803428249708892,1,0
3735,-0.7357782934763663,1,0
3736,-1.032863760410549,1,0
3737,-0.8596998374560932,1,0
3738,-0.6149863504134989,1,0
3739,-0.4354080144163469,1,0
3740,-0.8566478421437096,1,0
3741,-1.229072121720995,1,0
3742,-0.8096172228967219,1,0
3743,-0.8632174663953718,1,0
3744,-1.0590766024856508,1,0
3745,-0.7406793972316639,1,0
3746,-0.9412709998036256,1,0
3747,-0.931391186688546,1,0
3748,-1.107686185951584,1,0
3749,-0.6047438860135951,1,0
3750,-1.1295262620463875,1,0
3751,-0.6042528756491167,1,0
3752,-0.8068487978729583,1,0
3753,-1.2607158807181191,1,0
3754,-0.8075352976403632,1,0
3755,-0.9624529036520502,1,0
3756,-0.33612034829277326,1,0
3757,-0.5818561342582879,1,0
3758,-1.1479919697379466,1,0
3759,-0.3744232878189757,1,0
3760,-1.0739858784356904,1,0
3761,-0.9796903477365504,1,0
3762,-0.6786081921715426,1,0
3763,-1.2796337959719128,1,0
3764,-0.9529357418217921,1,0
3765,-0.8746091134061329,1,0
3766,-0.1537228337966795,0,0
3767,-0.7336709914824158,1,0
3768,-0.48382210847935647,1,0
3769,-0.8745583599309575,1,0
3770,-0.7552006451592902,1,0
3771,-1.4395047346057983,0,0
3772,-1.060227260488228,1,0
3773,-0.7362305010386011,1,0
3774,-0.671108776057816,1,0
3775,-0.6992080539863527,1,0
3776,-0.211215308192364,0,0
3777,-0.6863284744257819,1,0
3778,-0.6859792492056122,1,0
3779,-1.111409779575001,1,0
3780,-1.2006609459828095,1,0
3781,-0.8242563546227932,1,0
3782,-0.9081288329754772,1,0
3783,-1.0289207760383419,1,0
3784,-0.643060251604452,1,0
3785,-0.66907760427663,1,0
3786,-1.1162452283987516,1,0
3787,-1.1778119970297403,1,0
3788,-0.3901220458784854,1,0
3789,-0.5742910632130116,1,0
3790,-0.7035136896433869,1,0
3791,-0.9231022884653439,1,0
3792,-1.0427704256549375,1,0
3793,-0.8303708205287752,1,0
3794,-0.7041225838063075,1,0
3795,-0.5438889938875979,1,0
3796,-0.5252561243141468,1,0
3797,-0.7023510809678751,1,0
3798,-0.8607221363790135,1,0
3799,-0.8944851480430172,1,0
3800,-1.2723149678047385,1,0
3801,-0.36045722979565487,1,0
3802,-0.36460765424372044,1,0
3803,-0.7646282507121349,1,0
3804,-1.264026069581539,1,0
3805,-0.8395656092681753,1,0
3806,-0.6781813613468912,1,0
3807,-0.5829426127210324,1,0
3808,-0.722173411346147,1,0
3809,-0.7513472170644991,1,0
3810,-0.8387507504211134,1,0
3811,-0.7955467071396133,1,0
3812,-1.0053972779908023,1,0
3813,-1.042227186423561,1,0
3814,-0.6064900121144412,1,0
3815,-0.8082068959513938,1,0
3816,-1.2591637686284796,1,0
3817,-0.6257317758508185,1,0
3818,-0.5650962744736115,1,0
3819,-0.9739490083966018,1,0
3820,-0.48353853819073644,1,0
3821,-0.8054399463193501,1,0
3822,-0.6434617056915171,1,0
3823,-0.7650685076014407,1,0
3824,-1.2118346776365003,1,0
3825,-0.777624238679428,1,0
3826,-0.675996453748462,1,0
3827,-0.7242821887318118,1,0
3828,-0.8473903492562024,1,0
3829,-0.9305255743663088,1,0
3830,-0.8729032654992475,1,0
3831,-0.585179749186357,1,0
3832,-0.7874652489922696,1,0
3833,-0.8080651108070824,1,0
3834,-1.005967369351482,1,0
3835,-0.9076229211546244,1,0
3836,-0.8975759461576444,1,0
3837,-0.6120507635078376,1,0
3838,-0.9449304138872128,1,0
3839,-0.5410444386510727,1,0
3840,-0.9500255316537171,1,0
3841,-1.05766627554032,1,0
3842,-0.5253322545269085,1,0
3843,-0.43988228734699597,1,0
3844,-0.9122270285566503,1,0
3845,-0.5365447889828345,1,0
3846,-0.40135995707200334,1,0
3847,-1.0914695653982869,1,0
3848,-0.5473290172223949,1,0
3849,-0.8346913576421838,1,0
3850,-1.1273667311855473,1,0
3851,-0.43097254428793863,1,0
3852,-1.1284651603212292,1,0
3853,-1.1094188859877785,1,0
3854,-0.23106596609166197,0,0
3855,-0.5466827956489534,1,0
3856,-1.348907420792489,0,0
3857,-1.1467502800662333,1,0
3858,-0.6918116202146968,1,0
3859,-0.9385428529738227,1,0
3860,-1.2738551292214462,1,0
3861,-0.60965841583355,1,0
3862,-0.677315749024654,1,0
3863,-1.2976607221658858,1,0
3864,-0.6911653986412525,1,0
3865,-0.9885747140580214,1,0
3866,-1.1000554599747607,1,0
3867,-0.42683407051280486,1,0
3868,-0.580162237024337,1,0
3869,-0.9609918232315467,1,0
3870,-1.42388358215077,0,0
3871,-0.7812448499607744,1,0
3872,-0.7085968567369566,1,0
3873,-1.1924511287558115,1,0
3874,-0.31037461523628074,0,0
3875,-0.822949010019533,1,0
3876,-0.6100718205935468,1,0
3877,-0.9691777391126782,1,0
3878,-0.8129527884977283,1,0
3879,-0.7722575012972382,1,0
3880,-0.8586521617955867,1,0
3881,-0.4344245182956702,1,0
3882,-0.38421206926491924,1,0
3883,-0.7597793758237298,1,0
3884,-0.4731542886465212,1,0
3885,-1.2279736925853157,1,0
3886,-0.9091108537044368,1,0
3887,-0.7306309468429667,1,0
3888,-1.0729128260375975,1,0
3889,-1.0307818351541875,1,0
3890,-0.8336034037877138,1,0
3891,-0.4950734457375261,1,0
3892,-0.9353744492547139,1,0
3893,-0.767383249671244,1,0
3894,-0.7724515153084421,1,0
3895,-0.6842077463671797,1,0
3896,-0.8697094850425524,1,0
3897,-1.013868239552271,1,0
3898,-0.5845589043505017,1,0
3899,-0.7082342054521323,1,0
3900,-0.7415196328163121,1,0
3901,-0.8188627651112945,1,0
3902,-0.5241427937220905,1,0
3903,-1.2473572414660017,1,0
3904,-0.7070835474495579,1,0
3905,-0.6295210244057825,1,0
3906,-0.6883581708152453,1,0
3907,-0.9630080935563584,1,0
3908,-0.9939280253755567,1,0
3909,-0.9790948796382787,1,0
3910,-0.9896865692583551,1,0
3911,-0.8158107697989081,1,0
3912,-0.9904103964362809,1,0
3913,-0.893425521709576,1,0
3914,-0.757930267380813,1,0
3915,-0.9982470870972399,1,0
3916,-0.8326467597963433,1,0
3917,-0.46423259491453206,1,0
3918,-0.7183080325784186,1,0
3919,-0.6050692098878985,1,0
3920,-0.6015247288193137,1,0
3921,-0.7212048166818391,1,0
3922,-0.47862400837078156,1,0
3923,-0.5316556359004715,1,0
3924,-0.6980439699191238,1,0
3925,-0.4773703680261365,1,0
3926,-0.26555428032531136,0,0
3927,-0.7167051670136065,1,0
3928,-0.8228460276774652,1,0
3929,-0.5310616431939225,1,0
3930,-0.750378622400194,1,0
3931,-1.2206533890264215,1,0
3932,-0.5689765546977144,1,0
3933,-1.2636768443613695,1,0
3934,-0.6527714274459168,1,0
3935,-0.8693214570201419,1,0
3936,-0.7469251730007426,1,0
3937,-1.0783691196972034,1,0
3938,-1.1164138656723694,1,0
3939,-0.5690795370397822,1,0
3940,-0.8067323894662359,1,0
3941,-0.5961072379619459,1,0
3942,-1.3593946526787748,0,0
3943,-1.0340024677401916,1,0
3944,-0.7519426851627681,1,0
3945,-0.41523498342618814,1,0
3946,-0.5656648904425771,1,0
3947,-1.0160934253446607,1,0
3948,-1.0288163183045511,1,0
3949,-0.7099400533590178,1,0
3950,-0.9403785353520822,1,0
3951,-0.5198759608672998,1,0
3952,-1.0976765383651277,1,0
3953,-1.0258687807259554,1,0
3954,-1.0141130070386528,1,0
3955,-0.9699015662906041,1,0
3956,-0.9650124132082383,1,0
3957,-1.040816859478233,1,0
3958,-0.9119300322033758,1,0
3959,-0.9226500809031063,1,0
3960,-0.7802106003649223,1,0
3961,-0.35312497556382605,1,0
3962,-0.7070581707119689,1,0
3963,-1.3123759841047216,1,0
3964,-1.1996147457140256,1,0
3965,-0.5114960309749644,1,0
3966,-0.9653735891013399,1,0
3967,-0.9773621796020898,1,0
3968,-0.17606882171233573,0,0
3969,-1.0813569354697599,1,0
3970,-0.5993905746960598,1,0
3971,-0.810987271648092,1,0
3972,-1.1479785436732919,1,0
3973,-0.523845797368816,1,0
3974,-1.2722373622002596,1,0
3975,-0.5825157818963839,1,0
3976,-1.1281681639679548,1,0
3977,-0.7665937675617712,1,0
3978,-0.5085216412670623,1,0
3979,-0.6756726052658812,1,0
3980,-0.8070428118841622,1,0
3981,-0.4781076212687141,1,0
3982,-0.6846599539294174,1,0
3983,-1.0985555767520165,1,0
3984,-0.6223305553182623,1,0
3985,-1.0831538150457787,1,0
3986,-1.1379703714785556,1,0
3987,-1.3818436229364988,0,0
3988,-1.2820007669086142,1,0
3989,-0.6503925058362808,1,0
3990,-1.0582363669010053,1,0
3991,-0.6176891205057183,1,0
3992,-0.6941651650867436,1,0
3993,-0.787387643387788,1,0
3994,-0.3202141501574024,0,0
3995,-1.0818225690966492,1,0
3996,-1.0813181326675192,1,0
3997,-1.1178883721575272,1,0
3998,-0.7327651009662206,1,0
3999,-1.0103894134152358,1,0
4000,-0.5496825620944418,1,0
4001,-0.7272431523750622,1,0
4002,-1.314626546634698,1,0
4003,-0.3033796355516899,0,0
4004,-0.6081839093483921,1,0
4005,-1.0408034334135785,1,0
4006,-0.9376638145869309,1,0
4007,-0.9176967482809106,1,0
4008,-1.070119024276242,1,0
4009,-0.948370437222007,1,0
4010,-1.188079838167233,1,0
4011,-0.4973225328757852,1,0
4012,-1.016466551910697,1,0
4013,-0.7847624789000557,1,0
4014,-0.8281993389950004,1,0
4015,-0.5507556144925374,1,0
4016,-0.22192340621915996,0,0
4017,-0.8198582119049058,1,0
4018,-0.6261586066754699,1,0
4019,-0.23215244455441209,0,0
4020,-0.6724922508738379,1,0
4021,-0.8550703533164811,1,0
4022,-0.7871414005096888,1,0
4023,-0.8535824207666715,1,0
4024,-0.8798206395793595,1,0
4025,-0.6508700901361048,1,0
4026,-1.1319320357853324,1,0
4027,-0.6859658231409577,1,0
4028,-0.9176191426764263,1,0
4029,-0.7121920912807167,1,0
4030,-0.6148699420067794,1,0
4031,-0.571937518340962,1,0
4032,-0.5089096692894701,1,0
4033,-0.6025589784151658,1,0
4034,-0.9759652787214135,1,0
4035,-0.5513898853930471,1,0
4036,-0.7257447445440379,1,0
4037,-0.689613286551613,1,0
4038,-0.4640639576409117,1,0
4039,-0.8183195258799209,1,0
4040,-0.9548490298045359,1,0
4041,-0.9507374081587083,1,0
4042,-1.0440628688018232,1,0
4043,-0.40610437422661794,1,0
4044,-0.4362616760656496,1,0
4045,-0.7226524710376908,1,0
4046,-0.6868463369195665,1,0
4047,-0.46915760001569884,1,0
4048,-0.8371866876585393,1,0
4049,-0.9769875776443337,1,0
4050,-0.5876616531380635,1,0
4051,-0.6501208862205926,1,0
4052,-0.613511843928341,1,0
4053,-0.8806996779662513,1,0
4054,-1.2764922443821158,1,0
4055,-0.7403167459468396,1,0
4056,-0.38128990842390964,1,0
4057,-0.8614071607546986,1,0
4058,-1.125944453567282,1,0
4059,-0.5570148163262706,1,0
4060,-1.065258198714905,1,0
4061,-0.8860276125461974,1,0
4062,-1.3243645746054689,1,0
4063,-0.5388595310526434,1,0
4064,-0.621270928984824,1,0
4065,-0.9991261254841316,1,0
4066,-1.3491790404081772,0,0
4067,-0.7786987664692435,1,0
4068,-0.7983017060987224,1,0
4069,-0.6725698564783195,1,0
4070,-1.17085582014739,1,0
4071,-0.7435105264035374,1,0
4072,-0.9441289811048054,1,0
4073,-0.6274271484764865,1,0
4074,-0.5822426868889757,1,0
4075,-0.6108478766383679,1,0
4076,-0.5709286454826962,1,0
4077,-1.028726762027135,1,0
4078,-0.7658177115169529,1,0
4079,-0.5455828911215488,1,0
4080,-0.8206462186226615,1,0
4081,-0.8973819321464405,1,0
4082,-0.495228656946492,1,0
4083,-0.7753871022141035,1,0
4084,-1.1211478075457748,1,0
4085,-1.0872922888209124,1,0
4086,-1.0383603322641184,1,0
4087,-1.2687197332609785,1,0
4088,-0.6768232632684557,1,0
4089,-0.8174792902952727,1,0
4090,-1.3101910765062896,1,0
4091,-1.672269909341606,0,0
4092,-0.9624126254580895,1,0
4093,-0.7002945324491028,1,0
4094,-0.8067846183331312,1,0
4095,-0.9950145038383068,1,0
4096,-0.9598396898372524,1,0
4097,-0.5375402357764486,1,0
4098,-0.5461649331551632,1,0
4099,-0.5159180750387155,1,0
4100,-0.7998926209906054,1,0
4101,-0.7068253538985242,1,0
4102,-0.8033445949983314,1,0
4103,-0.693026457757101,1,0
4104,-1.0901636961867467,1,0
4105,-1.31258342418058,1,0
4106,-0.8129915912999691,1,0
4107,-0.9619618932875718,1,0
4108,-0.9726819419873023,1,0
4109,-0.9248603652391219,1,0
4110,-0.7991165649457843,1,0
4111,-0.8815533396155512,1,0
4112,-0.4642057427852231,1,0
4113,-0.9852137717194259,1,0
4114,-0.6611379312735977,1,0
4115,-0.6754920173193291,1,0
4116,-0.6461376236544247,1,0
4117,-0.9214218172960448,1,0
4118,-0.7943706723994498,1,0
4119,-0.6522669910167811,1,0
4120,-0.8920539975664887,1,0
4121,-0.8152153017006392,1,0
4122,-0.8131721792465213,1,0
4123,-0.7959601118996074,1,0
4124,-0.6738100707583128,1,0
4125,-0.7853310948690156,1,0
4126,-0.9977426506681097,1,0
4127,-0.8595192495095438,1,0
4128,-1.0511876829577937,1,0
4129,-1.0850163495533471,1,0
4130,-1.1011941673044034,1,0
4131,-1.0500892538221147,1,0
4132,-0.33680537266845834,1,0
4133,-0.5206385908474664,1,0
4134,-0.771921702141723,1,0
4135,-0.9570861662698604,1,0
4136,-1.2060023066274157,1,0
4137,-1.3831629182126908,0,0
4138,-0.9148909958466234,1,0
4139,-0.7112996268291732,1,0
4140,-1.0653746071216275,1,0
4141,-1.0256359639125079,1,0
4142,-0.8009134445218058,1,0
4143,-0.9504135596761276,1,0
4144,-0.7884994985881244,1,0
4145,-0.48241325692574555,1,0
4146,-0.9506463764895723,1,0
4147,-1.2338314403319868,1,0
4148,-1.3277911718756115,1,0
4149,-1.1078921506357253,1,0
4150,-0.4465041404655534,1,0
4151,-0.9433394989953325,1,0
4152,-0.7688697068293365,1,0
4153,-0.7604897769370011,1,0
4154,-0.6943189009039868,1,0
4155,-0.5829291866563807,1,0
4156,-1.6204933975482811,0,0
4157,-0.9918714768567843,1,0
4158,-0.8438592942522721,1,0
4159,-1.0764558317144597,1,0
4160,-0.5580490659221254,1,0
4161,-1.152014035106358,1,0
4162,-0.6385337498069077,1,0
4163,-0.7598435553635596,1,0
4164,-1.2585429237926244,1,0
4165,-0.7981987237566518,1,0
4166,-0.32991337532593257,1,0
4167,-0.5787787622083124,1,0
4168,-1.1821444848160778,1,0
4169,-1.1369107451451117,1,0
4170,-0.9414396370772432,1,0
4171,-0.850027464416872,1,0
4172,-0.9296584866523516,1,0
4173,-0.641469336712569,1,0
4174,-0.8167674137902786,1,0
4175,-1.1260742880386587,1,0
4176,-0.8265308184986386,1,0
4177,-1.103146258089388,1,0
4178,-0.8352077447442485,1,0
4179,-0.8559374410304382,1,0
4180,-0.7478430141898751,1,0
4181,-0.6642675321904656,1,0
4182,-0.8509587316706535,1,0
4183,-0.8571269018352534,1,0
4184,-0.503750371983136,1,0
4185,-0.6189293347857089,1,0
4186,-0.6638929302327096,1,0
4187,-1.0932410682367193,1,0
4188,-0.7200407326146102,1,0
4189,-0.8853425881705151,1,0
4190,-0.6246855755820291,1,0
4191,-0.8853560142351669,1,0
4192,-0.8211387043788598,1,0
4193,-0.7172737829825665,1,0
4194,-1.0035108421373646,1,0
4195,-0.889506438683238,1,0
4196,-0.29923968638483345,0,0
4197,-1.3053944304847798,1,0
4198,-1.1924511287558115,1,0
4199,-0.8537003045651137,1,0
4200,-0.6349131385255613,1,0
4201,-0.8385179336076659,1,0
4202,-0.6413021748306741,1,0
4203,-1.5708629905511473,0,0
4204,-0.685733006327513,1,0
4205,-0.7048598370488879,1,0
4206,-0.5292125347510057,1,0
4207,-0.8061637734972704,1,0
4208,-1.178471644667836,1,0
4209,-0.7505980131489842,1,0
4210,-0.8066935866639952,1,0
4211,-1.0632792558006143,1,0
4212,-0.854888289978209,1,0
4213,-0.6767590837286286,1,0
4214,-1.0265150022993996,1,0
4215,-0.1522363766385898,0,0
4216,-0.5000775318348943,1,0
4217,-0.6823452118596113,1,0
4218,-1.0500892538221147,1,0
4219,-0.7044583829618228,1,0
4220,-0.8563508457904351,1,0
4221,-1.0715159251569184,1,0
4222,-0.4950346429352853,1,0
4223,-0.8708467169804751,1,0
4224,-0.5909718420014809,1,0
4225,-1.19882673899627,1,0
4226,-0.8635666916155388,1,0
4227,-0.4430626417390393,1,0
4228,-0.8485141551294734,1,0
4229,-0.9467272934632343,1,0
4230,-0.8684543693061875,1,0
4231,-1.1007539104151003,1,0
4232,-1.001285656344972,1,0
4233,-0.34664638298129713,1,0
4234,-0.7373557823035892,1,0
4235,-0.9905790337098985,1,0
4236,-0.6100583945288923,1,0
4237,-0.9399263277898445,1,0
4238,-0.8479589652251651,1,0
4239,-1.137530114589247,1,0
4240,-0.2767131105226278,0,0
4241,-0.9279914415477097,1,0
4242,-0.8902436919258155,1,0
4243,-0.744688036535418,1,0
4244,-1.1125216347753346,1,0
4245,-0.9504135596761276,1,0
4246,-1.2267588550429114,1,0
4247,-1.2732462350585227,1,0
4248,-0.2617650317703474,0,0
4249,-0.9077393295613467,1,0
4250,-0.6009426867856993,1,0
4251,-0.4695083006275885,1,0
4252,-0.892015194764248,1,0
4253,-0.6406037243903345,1,0
4254,-0.8327124147278903,1,0
4255,-0.5753894923486907,1,0
4256,-0.7758139330387576,1,0
4257,-0.8178538922530287,1,0
4258,-0.5736314155749156,1,0
4259,-0.9101839061025324,1,0
4260,-0.9852764758675331,1,0
4261,-0.8860798414130927,1,0
4262,-1.1454966397215856,1,0
4263,-0.7868444041564143,1,0
4264,-0.9668241942406314,1,0
4265,-0.7097087119372902,1,0
4266,-0.38757448699523467,1,0
4267,-0.888006555460491,1,0
4268,-0.9576428315658886,1,0
4269,-0.9053857846892999,1,0
4270,-0.19942220709453784,0,0
4271,-1.09563341591101,1,0
4272,-0.9048305947849916,1,0
4273,-1.2408786488834755,1,0
4274,-0.9241111613236097,1,0
4275,-0.8380537753724965,1,0
4276,-0.60520951964049,1,0
4277,-0.5450918807570704,1,0
4278,-0.6926011023241724,1,0
4279,-0.9566593354452091,1,0
4280,-0.855225564525447,1,0
4281,-0.9100809237604618,1,0
4282,-0.8891049845961729,1,0
4283,-0.874544933866303,1,0
4284,-0.22997948762891463,0,0
4285,-0.9158088370357559,1,0
4286,-0.93295672484284,1,0
4287,-0.7568437889180685,1,0
4288,-0.9240857845860234,1,0
4289,-0.9847212859632276,1,0
4290,-1.1612595773209278,1,0
4291,-0.7855519610095285,1,0
4292,-0.7112220212246889,1,0
4293,-0.7644610888302344,1,0
4294,-1.1084607666046853,1,0
4295,-0.5907658773173424,1,0
4296,-0.14154170467644556,0,0
4297,-0.9785008869317324,1,0
4298,-0.5771878473164321,1,0
4299,-0.3132445472103951,0,0
4300,-0.31448623688210553,0,0
4301,-1.2413696592479568,1,0
4302,-0.35703063252551237,1,0
4303,-0.4187914151677047,1,0
4304,-0.48659053350312287,1,0
4305,-0.5418592974981346,1,0
4306,-0.8213580951276528,1,0
4307,-0.9689702990368199,1,0
4308,-0.3718235000688269,1,0
4309,-0.6736548595493469,1,0
4310,-1.1326304862256693,1,0
4311,-1.0453941147509527,1,0
4312,-1.0260493686725047,1,0
4313,-0.5990547755405418,1,0
4314,-0.6001666307408782,1,0
4315,-0.8526526289046044,1,0
4316,-0.8039012602943624,1,0
4317,-0.4151693284946384,1,0
4318,-0.6276331131606278,1,0
4319,-0.8341988718859827,1,0
4320,-0.7238822100364695,1,0
4321,-0.8549539449097587,1,0
4322,-0.7331531289886284,1,0
4323,-1.296742880976756,1,0
4324,-0.8581984788416264,1,0
4325,-1.2734656258073156,1,0
4326,-0.2243411306310339,0,0
4327,-0.8386865708812863,1,0
4328,-0.9380891700198624,1,0
4329,-0.855574789745614,1,0
4330,-0.7546186031256757,1,0
4331,-1.1174093124659834,1,0
4332,-0.7998538181883619,1,0
4333,-0.3890355674157381,1,0
4334,-0.6894715014073016,1,0
4335,-0.954720670724879,1,0
4336,-0.9997977237951622,1,0
4337,-1.0962020318799697,1,0
4338,-0.5394415730862606,1,0
4339,-0.872230191796497,1,0
4340,-1.09563341591101,1,0
4341,-1.0776721446485837,1,0
4342,-0.8451517373991579,1,0
4343,-1.3601707087235932,0,0
4344,-0.8347167343797701,1,0
4345,-0.5039966148612379,1,0
4346,-0.449929262343976,1,0
4347,-0.5690929631044367,1,0
4348,-1.449087551367606,0,0
4349,-0.8083501564874251,1,0
4350,-0.8598938514672999,1,0
4351,-0.3386425304384377,1,0
4352,-0.4831505101683259,1,0
4353,-0.6548025992271,1,0
4354,-0.9354774315967818,1,0
4355,-0.9091362304420231,1,0
4356,-1.3403334768889497,1,0
4357,-0.7019750036183992,1,0
4358,-1.1490530714631075,1,0
4359,-0.6678239639319822,1,0
4360,-0.2923088862400697,0,0
4361,-1.3533040881186564,0,0
4362,-0.7057134986981878,1,0
4363,-1.1726646503963405,1,0
4364,-0.7911366137487913,1,0
4365,-1.0083597170257697,1,0
4366,-1.2838633014161855,1,0
4367,-0.7118294399958924,1,0
4368,-1.0652059698480099,1,0
4369,-0.8707959635052998,1,0
4370,-0.742865780221813,1,0
4371,-0.21556122204335337,0,0
4372,-0.7338127766267244,1,0
4373,-0.8399670633552375,1,0
4374,-0.6597410303929213,1,0
4375,-0.640241073105513,1,0
4376,-0.8621563646702107,1,0
4377,-1.0017512899718666,1,0
4378,-1.410047358598829,0,0
4379,-0.5486348864339352,1,0
4380,-0.6593544777622334,1,0
4381,-0.9302151519483798,1,0
4382,-1.2895658379538903,1,0
4383,-1.4047970296233587,0,0
4384,-0.502496731638491,1,0
4385,-0.5159703039056107,1,0
4386,-1.1179137488951163,1,0
4387,-0.6625736349565148,1,0
4388,-1.1676351875613862,1,0
4389,-0.9526506961414521,1,0
4390,-0.4796970607688772,1,0
4391,-1.1833727484231393,1,0
4392,-1.291143326781119,1,0
4393,-1.1271861432389951,1,0
4394,-1.0118639199003936,1,0
4395,-1.1141498770777387,1,0
4396,-0.6900266913116099,1,0
4397,-0.567139396927735,1,0
4398,-0.8772865067607605,1,0
4399,-0.19091391812254555,0,0
4400,-0.9741430224078057,1,0
4401,-1.460104596420611,0,0
4402,-0.8076502306553629,1,0
4403,-1.1441519677078045,1,0
4404,-0.9322836511400867,1,0
4405,-0.6439258639266865,1,0
4406,-0.7958437034928878,1,0
4407,-1.0468432444985214,1,0
4408,-0.5531091593645843,1,0
4409,-1.635429525627627,0,0
4410,-0.9771830670472575,1,0
4411,-1.3249063384451254,1,0
4412,-0.5016818727914318,1,0
4413,-0.6990528427773895,1,0
4414,-0.892015194764248,1,0
4415,-0.4752884427697751,1,0
4416,-1.25567299181851,1,0
4417,-1.0821583682521674,1,0
4418,-0.766063954395052,1,0
4419,-0.8981967909934996,1,0
4420,-1.2084588338415303,1,0
4421,-0.721928643859765,1,0
4422,-0.5105005841813504,1,0
4423,-0.9495867501561339,1,0
4424,-0.4874949486275981,1,0
4425,-1.3052511699487486,1,0
4426,-0.8037714258229856,1,0
4427,-0.8519019495973723,1,0
4428,-0.429860689087605,1,0
4429,-0.832401992309964,1,0
4430,-0.8971744920705793,1,0
4431,-0.8765746302557692,1,0
4432,-0.934210365187485,1,0
4433,-0.3656807066418133,1,0
4434,-0.41767808457565114,1,0
4435,-0.46557726692831314,1,0
4436,-0.5723121202987208,1,0
4437,-0.6795126072960178,1,0
4438,-0.9456288643275496,1,0
4439,-0.9094854556621901,1,0
4440,-1.230003388974782,1,0
4441,-0.6890834733848911,1,0
4442,-0.7091012931660895,1,0
4443,-0.6362324338017533,1,0
4444,-0.989595537589219,1,0
4445,-1.0821076147769921,1,0
4446,-0.9194816771839975,1,0
4447,-0.5892271912923575,1,0
4448,-1.199886365329711,1,0
4449,-0.5814934829734636,1,0
4450,-1.018678311638438,1,0
4451,-1.1294232797043198,1,0
4452,-1.2555685340847194,1,0
4453,-1.0100670403243721,1,0
4454,-0.7572959964803061,1,0
4455,-0.5180522291619749,1,0
4456,-0.5232637553352015,1,0
4457,-0.5291215030818724,1,0
4458,-0.8535316672914961,1,0
4459,-0.4696769379012061,1,0
4460,-0.5652514856825774,1,0
4461,-0.904405239352063,1,0
4462,-0.26754517391253674,0,0
4463,-0.7400197495935679,1,0
4464,-0.9771174121157106,1,0
4465,-0.568458692203927,1,0
4466,-0.9838288215116842,1,0
4467,-0.4574555305870087,1,0
4468,-0.9022696098370836,1,0
4469,-0.7256014840080066,1,0
4470,-1.3326654235016027,1,0
4471,-0.9247051540301587,1,0
4472,-0.9330074783180098,1,0
4473,-0.6538191031064206,1,0
4474,-1.232797190736132,1,0
4475,-0.9837900187094406,1,0
4476,-1.021187067719448,1,0
4477,-0.8075860511155386,1,0
4478,-1.1073489114043515,1,0
4479,-0.3245078351414993,0,0
4480,-1.1953210607299258,1,0
4481,-0.8460830046529422,1,0
4482,-0.9813066393660197,1,0
4483,-0.44268803978128046,1,0
4484,-0.5079784020356859,1,0
4485,-0.3933800058750103,1,0
4486,-1.1643115726333142,1,0
4487,-0.7205451690437431,1,0
4488,-0.7347694206180977,1,0
4489,-0.6488657704842277,1,0
4490,-1.023657020998217,1,0
4491,-0.9166624986850586,1,0
4492,-0.3962126104386038,1,0
4493,-0.5405653789595288,1,0
4494,-1.2246888804594818,1,0
4495,-1.0439210836575148,1,0
4496,-0.9217964192538036,1,0
4497,-0.9291286734856324,1,0
4498,-0.8277725081703491,1,0
4499,-0.7051434073375051,1,0
4500,-0.9344178052633434,1,0
4501,-1.1637429566643542,1,0
4502,-0.6925742501948606,1,0
4503,-0.81884933904664,1,0
4504,-1.0227779826113281,1,0
4505,-0.5061680963950127,1,0
4506,-1.3040229063416897,1,0
4507,-1.0695772604365883,1,0
4508,-0.7809090508052619,1,0
4509,-0.8371090820540578,1,0
4510,-0.6464360953994192,1,0
4511,-0.9255468650065268,1,0
4512,-0.5326645087587373,1,0
4513,-0.434903577987214,1,0
4514,-0.7364125643768732,1,0
4515,-1.052805449978983,1,0
4516,-0.6742771797769248,1,0
4517,-0.45443038740393127,1,0
4518,-1.3832539498818268,0,0
4519,-0.6315909989892093,1,0
4520,-0.6573113553081128,1,0
4521,-0.612943227959381,1,0
4522,-0.9231545173322392,1,0
4523,-1.585551400360674,0,0
4524,-0.6145983223910911,1,0
4525,-0.953064100901449,1,0
4526,-0.6720012405093595,1,0
4527,-0.9251454109194618,1,0
4528,-0.945293065172037,1,0
4529,-0.8918346068176985,1,0
4530,-0.9324134856114635,1,0
4531,-0.8243324848355549,1,0
4532,-0.5878556671492674,1,0
4533,-0.5163449058633696,1,0
4534,-0.37583213937258386,1,0
4535,-0.47962093055611554,1,0
4536,-0.8271516633344939,1,0
4537,-1.0780467466063426,1,0
4538,-0.9280033922206415,1,0
4539,-0.9170505267074663,1,0
4540,-1.4754675553246055,0,0
4541,-0.7470415814074677,1,0
4542,-1.1491948566074162,1,0
4543,-0.011438564467464163,0,0
4544,-0.7778436294282209,1,0
4545,-0.8020387257867939,1,0
4546,-0.7487996581812484,1,0
4547,-1.0331488060908889,1,0
4548,-1.0898532737688176,1,0
4549,-0.6952904463517318,1,0
4550,-0.7775197809456402,1,0
4551,-0.8209446903676532,1,0
4552,-1.0031869936547837,1,0
4553,-0.5491393228630681,1,0
4554,-0.6575695488591465,1,0
4555,-0.8603072562272968,1,0
4556,-0.8616668296974522,1,0
4557,-1.2905224819452639,1,0
4558,-1.1027194272647367,1,0
4559,-0.33485328188347374,1,0
4560,-1.2075156159148142,1,0
4561,-0.5474976544960153,1,0
4562,-0.6701252799371366,1,0
4563,-1.1551690127608094,1,0
4564,-0.7794867731869992,1,0
4565,-0.9529864952969674,1,0
4566,-0.4409419136804371,1,0
4567,-1.0566962054842977,1,0
4568,-0.8449189205857133,1,0
4569,-0.9731983290893698,1,0
4570,-0.7740812330025632,1,0
4571,-1.239611582474176,1,0
4572,-0.9442453895115277,1,0
4573,-0.8408461017421265,1,0
4574,-1.0725770268820796,1,0
4575,-0.8818771880981319,1,0
4576,-1.130599314444483,1,0
4577,-1.045265755671293,1,0
4578,-0.5492423052051387,1,0
4579,-0.9853287047344284,1,0
4580,-0.20718129215102077,0,0
4581,-0.5886063464564995,1,0
4582,-0.2737775236169637,0,0
4583,-0.7280714372867786,1,0
4584,-1.06234798854683,1,0
4585,-0.9386070325136497,1,0
4586,-1.086180433620576,1,0
4587,-0.5015788904493612,1,0
4588,-0.8176091247666495,1,0
4589,-0.8426698334474569,1,0
4590,-0.7975122239892496,1,0
4591,-1.2421083878822543,1,0
4592,-0.6285255776121712,1,0
4593,-1.2140732894935446,1,0
4594,-0.9220546128048346,1,0
4595,-0.9613276223870648,1,0
4596,-0.6637377190237465,1,0
4597,-0.889506438683238,1,0
4598,-1.006122580560445,1,0
4599,-1.0823150548528504,1,0
4600,-0.42385968080490277,1,0
4601,-0.8257159596515767,1,0
4602,-0.8761089966288771,1,0
4603,-0.6134730411261002,1,0
4604,-1.3591737865382618,0,0
4605,-0.3772558923825692,1,0
4606,-0.5073456065268961,1,0
4607,-0.3947515300180976,1,0
4608,-0.8651695571803564,1,0
4609,-0.6830958911668433,1,0
4610,-1.106805672172975,1,0
4611,-0.7051434073375051,1,0
4612,-0.8905794910813308,1,0
4613,-0.20071465024142643,0,0
4614,-0.6911907753788388,1,0
4615,-0.7445716281286985,1,0
4616,-0.7287698877271154,1,0
4617,-0.6116507848124952,1,0
4618,-0.7222256402130395,1,0
4619,-0.8139482352913396,1,0
4620,-1.2696898033170063,1,0
4621,-0.6068526633992655,1,0
4622,-1.4025464670933796,0,0
4623,-0.9519388196364609,1,0
4624,-0.9187578500060717,1,0
4625,-0.921602405242597,1,0
4626,-1.025092724681134,1,0
4627,-0.6951218090781142,1,0
4628,-0.9558325259252126,1,0
4629,-1.2744491219279952,1,0
4630,-0.7683652704002036,1,0
4631,-0.9237753621680944,1,0
4632,-0.8680797673484314,1,0
4633,-0.9480346380664945,1,0
4634,-0.4782106036107847,1,0
4635,-0.8662172328408629,1,0
4636,-0.9838930010515112,1,0
4637,-1.3222946000220421,1,0
4638,-0.583860453910165,1,0
4639,-0.5117288477884091,1,0
4640,-0.5176776272042161,1,0
4641,-0.5371134049518,1,0
4642,-0.9246155977527426,1,0
4643,-0.43421707821980904,1,0
4644,-0.14381764394401086,0,0
4645,-1.5561208764830081,0,0
4646,-1.1495575078922404,1,0
4647,-0.7247090195564659,1,0
4648,-0.8049862633653898,1,0
4649,-1.0790033905977103,1,0
4650,-0.8386865708812863,1,0
4651,-1.2822470097867162,1,0
4652,-1.021561669677204,1,0
4653,-0.7000229128334146,1,0
4654,-0.7832760217419632,1,0
4655,-0.9322194716002596,1,0
4656,-0.5804338566400224,1,0
4657,-0.6092062082713096,1,0
4658,-0.8852649825660364,1,0
4659,-1.0458731744424965,1,0
4660,-0.4246103601121348,1,0
4661,-0.9469735363413306,1,0
4662,-0.8985325901490149,1,0
4663,-1.0183813152851606,1,0
4664,-0.7455416981847207,1,0
4665,-0.8935285040516466,1,0
4666,-0.8733942758637286,1,0
4667,-0.6986260119527382,1,0
4668,-0.6700745264619612,1,0
4669,-1.0057733553402755,1,0
4670,-0.5905330605038978,1,0
4671,-0.419748059159078,1,0
4672,-0.5754163444779997,1,0
4673,-0.8100948071965486,1,0
4674,-1.0742709241160302,1,0
4675,-1.3314371598945467,1,0
4676,-0.59372684096059,1,0
4677,-0.5296125134463509,1,0
4678,-0.6508193366609322,1,0
4679,-0.8016506977643834,1,0
4680,-0.3206544070467082,0,0
4681,-1.0845895187286985,1,0
4682,-0.9070796819232507,1,0
4683,-1.1454324601817611,1,0
4684,-0.6657927921507989,1,0
4685,-0.8450353289924356,1,0
4686,-0.7568049861158277,1,0
4687,-0.8416087317222931,1,0
4688,-0.8584327710467937,1,0
4689,-0.6404082349874107,1,0
4690,-0.9439737698958395,1,0
4691,-0.9979232386146619,1,0
4692,-0.9814230477727393,1,0
4693,-1.2675825013230586,1,0
4694,-0.4509381352022418,1,0
4695,-0.7460192824845502,1,0
4696,-0.7667489787707343,1,0
4697,-0.8489409859541219,1,0
4698,-0.4887888671662066,1,0
4699,-1.2035592054779527,1,0
4700,-1.4016032491666608,0,0
4701,-0.8236340343952181,1,0
4702,-0.7943184435325545,1,0
4703,-1.021381081730652,1,0
4704,-1.2201235758596995,1,0
4705,-0.9328791192383556,1,0
4706,-0.8577596973440432,1,0
4707,-1.0220541554334024,1,0
4708,-1.014514461125715,1,0
4709,-0.970470182259564,1,0
4710,-0.7612404562442332,1,0
4711,-0.5454545320418919,1,0
4712,-0.9368743324774581,1,0
4713,-1.1787432642835243,1,0
4714,-0.7368781980037653,1,0
4715,-0.48603386820709193,1,0
4716,-1.0565409942753319,1,0
4717,-0.6441974835423719,1,0
4718,-0.7524859243941417,1,0
4719,-0.8441443399326148,1,0
4720,-0.6169638179360726,1,0
4721,-1.1034835326366232,1,0
4722,-0.34071102963014466,1,0
4723,-0.9234903164877517,1,0
4724,-0.9844750430851257,1,0
4725,-0.47416316150478977,1,0
4726,-1.0102983817460998,1,0
4727,-0.9445811886670458,1,0
4728,-0.9467809977218494,1,0
4729,-0.7852669153291858,1,0
4730,-0.6926264790617559,1,0
4731,-0.6755561968591589,1,0
4732,-1.0998494952906253,1,0
4733,-0.8501438728235944,1,0
4734,-1.3014753474584388,1,0
4735,-0.6823840146618521,1,0
4736,-0.8617817627124547,1,0
4737,-1.0594377783787552,1,0
4738,-0.8917704272778687,1,0
4739,-0.7453342581088623,1,0
4740,-1.374163618876223,0,0
4741,-0.43889879122631925,1,0
4742,-1.0318683136169375,1,0
4743,-0.7741588386070475,1,0
4744,-0.3299909809304141,1,0
4745,-0.993604176892976,1,0
4746,-0.3450435174164823,1,0
4747,-0.8991534349848729,1,0
4748,-0.9713372699735212,1,0
4749,-1.1720706576897917,1,0
4750,-0.4703485362122367,1,0
4751,-1.1881962465739555,1,0
4752,-0.6942293446265707,1,0
4753,-0.7287564616624609,1,0
4754,-0.6567546900120846,1,0
4755,-0.6748845985481283,1,0
4756,-0.48223266897919614,1,0
4757,-1.0464671671490482,1,0
4758,-1.4552422954675541,0,0
4759,-0.23091075488269608,0,0
4760,-0.7308771897210631,1,0
4761,-1.0688519578669426,1,0
4762,-0.7091012931660895,1,0
4763,-0.7180364129627331,1,0
4764,-1.57422393288974,0,0
4765,-1.3990556902834101,0,0
4766,-0.7754781338832395,1,0
4767,-1.1649070407315831,1,0
4768,-0.5664155697498091,1,0
4769,-1.0054495068576945,1,0
4770,-0.6623288674701355,1,0
4771,-1.056657402682057,1,0
4772,-0.9250170518398049,1,0
4773,-0.5815591379050106,1,0
4774,-0.8313662673223893,1,0
4775,-1.0612227072818392,1,0
4776,-0.9008219554812347,1,0
4777,-0.49101257756687666,1,0
4778,-1.0246912705940692,1,0
4779,-0.9110002403413114,1,0
4780,-0.6346280928452186,1,0
4781,-0.6994274447351456,1,0
4782,-0.903782919124485,1,0
4783,-0.7899859557462169,1,0
4784,-0.8586133589933459,1,0
4785,-0.8469888951691401,1,0
4786,-0.8558717860988885,1,0
4787,-0.9777502076244976,1,0
4788,-0.5257337086139707,1,0
4789,-0.5038802064545128,1,0
4790,-0.7884606957858836,1,0
4791,-1.047890920159031,1,0
4792,-1.1177600130778704,1,0
4793,-0.36193173628081277,1,0
4794,-0.6305045205264592,1,0
4795,-0.3311684910623003,1,0
4796,-0.9102480856423567,1,0
4797,-0.7760736019815112,1,0
4798,-0.40805794040332244,1,0
4799,-0.9194951032486492,1,0
4800,-0.6841435668273527,1,0
4801,-0.7315234112945074,1,0
4802,-1.0734306885313822,1,0
4803,-0.7968913791533944,1,0
4804,-0.8897138787590964,1,0
4805,-1.1165825029459897,1,0
4806,-1.2902120595273348,1,0
4807,-0.57061822306477,1,0
4808,-0.9790441261631089,1,0
4809,-1.2439560209334481,1,0
4810,-1.0255583583080263,1,0
4811,-0.6221887701739537,1,0
4812,-0.7823701312257653,1,0
4813,-1.0192723043449843,1,0
4814,-0.5733344192216383,1,0
4815,-0.5299095097996254,1,0
4816,-0.6626900433632371,1,0
4817,-0.9649616597330629,1,0
4818,-0.8714033822765033,1,0
4819,-0.9154984146178269,1,0
4820,-0.6127745906857635,1,0
4821,-0.6960530763318984,1,0
4822,-0.8418281224710861,1,0
4823,-0.535780683610948,1,0
4824,-0.408638507045217,1,0
4825,-0.2901613060521613,0,0
4826,-0.8697736645823823,1,0
4827,-0.965427293359955,1,0
4828,-0.627413722411832,1,0
4829,-0.6308388442902574,1,0
4830,-0.8161465689544234,1,0
4831,-0.5390923478660881,1,0
4832,-1.1330185142480798,1,0
4833,-0.636168254261929,1,0
4834,-0.8843993702437991,1,0
4835,-0.3777722794846339,1,0
4836,-0.8097843847786224,1,0
4837,-1.1594880744824954,1,0
4838,-0.8074442659712272,1,0
4839,-1.0126145992076259,1,0
4840,-0.7682234852558922,1,0
4841,-1.0553783855998229,1,0
4842,-0.9789142916917293,1,0
4843,-0.7735648459004985,1,0
4844,-1.162850492212808,1,0
4845,-1.03586500224776,1,0
4846,-1.0418899118763285,1,0
4847,-0.5634680321712132,1,0
4848,-1.03220558816417,1,0
4849,-0.6202620561265554,1,0
4850,-1.4302591923912282,0,0
4851,-0.5497467416342688,1,0
4852,-0.6661822955649294,1,0
4853,-0.706617913822663,1,0
4854,-1.1213537722299105,1,0
4855,-1.05007582775746,1,0
4856,-0.7447910188774887,1,0
4857,-1.616459381506938,0,0
4858,-0.6651599966420091,1,0
4859,-0.659432083366715,1,0
4860,-1.2112018821277104,1,0
4861,-0.7812194732231909,1,0
4862,-1.0406750743339244,1,0
4863,-0.7975510267914904,1,0
4864,-0.9577070111057157,1,0
4865,-0.9536207661974772,1,0
4866,-0.6875059845576625,1,0
4867,-1.2145762505309547,1,0
4868,-1.1471905369555362,1,0
4869,-0.9254692594020453,1,0
4870,-1.1683724408039637,1,0
4871,-0.39074289071434065,1,0
4872,-0.6240378786168677,1,0
4873,-1.029605800414024,1,0
4874,-1.155970445543217,1,0
4875,-1.0689683662736678,1,0
4876,-0.7738349901244668,1,0
4877,-1.4191108374751265,0,0
4878,-0.5770580128450553,1,0
4879,-1.2088602879285952,1,0
4880,-0.8004224341573246,1,0
4881,-0.6978245791703308,1,0
4882,-0.7602972383175172,1,0
4883,-0.6339952973364288,1,0
4884,-0.7419584143138952,1,0
4885,-0.4638565175650561,1,0
4886,-0.9734833747697097,1,0
4887,-0.839359644584034,1,0
4888,-0.8736136666125188,1,0
4889,-0.6304522916595667,1,0
4890,-0.7900381846131094,1,0
4891,-0.7845818909535035,1,0
4892,-0.8995414630072807,1,0
4893,-0.9789277177563838,1,0
4894,-0.6391157918405221,1,0
4895,-0.8956746088478351,1,0
4896,-0.6260168215311585,1,0
4897,-0.6656122042042467,1,0
4898,-0.5439024199522524,1,0
4899,-1.165229413822444,1,0
4900,-1.3540935702281294,0,0
4901,-0.8780894149348878,1,0
4902,-1.2455723125629174,1,0
4903,-0.9319732287221605,1,0
4904,-0.746498342176094,1,0
4905,-0.7666459964286665,1,0
4906,-0.5863811606641095,1,0
4907,-0.883557659267431,1,0
4908,-0.7855773377471176,1,0
4909,-0.6779485445334438,1,0
4910,-1.0466358044226631,1,0
4911,-0.7573482253471986,1,0
4912,-1.0737918644244837,1,0
4913,-0.9862211691859718,1,0
4914,-0.6651987994442499,1,0
4915,-0.9799873440898221,1,0
4916,-0.7930901799254958,1,0
4917,-0.7640208319409314,1,0
4918,-1.0278596743131807,1,0
4919,-0.892389796722004,1,0
4920,-0.6461764264566655,1,0
4921,-0.4463474538648676,1,0
4922,-1.0242644397694205,1,0
4923,-0.9030337152089701,1,0
4924,-0.715385871737409,1,0
4925,-0.7240105691161292,1,0
4926,-0.5115214077125507,1,0
4927,-0.9132359014149133,1,0
4928,-0.7872070554412358,1,0
4929,-1.1164780452121992,1,0
4930,-0.9987903263286163,1,0
4931,-0.5953953614569546,1,0
4932,-1.1397941031838803,1,0
4933,-0.6564696443317447,1,0
4934,-1.1610536126367892,1,0
4935,-0.8706661290339257,1,0
4936,-1.031480285594527,1,0
4937,-1.0596705951922025,1,0
4938,-1.3900937183574602,0,0
4939,-0.96029337279121,1,0
4940,-0.9435857418734317,1,0
4941,-0.608119729808565,1,0
4942,-0.9399517045274308,1,0
4943,-0.741364421607349,1,0
4944,-0.8063712135731316,1,0
4945,-0.48585328026054253,1,0
4946,-0.6891222761871318,1,0
4947,-0.7267387159459321,1,0
4948,-0.7968928545451143,1,0
4949,-0.9062140696010135,1,0
4950,-0.9574353914900302,1,0
4951,-0.9244096330686041,1,0
4952,-0.5934940241471481,1,0
4953,-0.7977838436049378,1,0
4954,-0.7356230822674004,1,0
4955,-0.7757243767613414,1,0
4956,-0.5718345359988941,1,0
4957,-0.6674359359095744,1,0
4958,-0.9971486579615607,1,0
4959,-1.3202126747656806,1,0
4960,-0.7600509954394152,1,0
4961,-0.908761628484267,1,0
4962,-0.6108090738361271,1,0
4963,-1.0547306886346586,1,0
4964,-1.3941023576612144,0,0
4965,-0.780844871265432,1,0
4966,-0.6295986300102641,1,0
4967,-0.7467565357271277,1,0
4968,-0.26639451590995955,0,0
4969,-0.9815916850463596,1,0
4970,-0.8407684961376449,1,0
4971,-0.7834297575592064,1,0
4972,-0.577343058525398,1,0
4973,-1.0909263261669133,1,0
4974,-0.7911634658781003,1,0
4975,-1.3648001928632052,0,0
4976,-0.633890839602641,1,0
4977,-0.5249054237022571,1,0
4978,-0.7645118423054098,1,0
4979,-1.0075568088516422,1,0
4980,-0.9896731431937006,1,0
4981,-1.0362784070077569,1,0
4982,-0.7002423035822075,1,0
4983,-0.8502990840325575,1,0
4984,-0.7315368373591591,1,0
4985,-0.842734012987284,1,0
4986,-0.5879720755559897,1,0
4987,-0.9179295650943553,1,0
4988,-1.434590204785846,0,0
4989,-1.4435267999742096,0,0
4990,-0.9687643343526814,1,0
4991,-1.2619441443251804,1,0
4992,-0.9858973207033883,1,0
4993,-0.9982082842949991,1,0
4994,-0.9843974374806441,1,0
4995,-0.501241615902126,1,0
4996,-1.1457294565350329,1,0
4997,-0.9500911865852668,1,0
4998,-0.7322875166663939,1,0
4999,-0.2452260381261867,0,0
5000,-1.1717736613365197,1,0
5001,-0.8130691969044507,1,0
5002,-0.8145825061918494,1,0
5003,-0.9844750430851257,1,0
5004,-0.8196000183538721,1,0
5005,-0.6742115248453778,1,0
5006,-0.9512806473900848,1,0
5007,-1.0036003984147808,1,0
5008,-1.1843950473460567,1,0
5009,-0.5460231480108546,1,0
5010,-0.6134730411261002,1,0
5011,-0.36538371028854155,1,0
5012,-0.6242065158904853,1,0
5013,-0.5767595411000609,1,0
5014,-1.0265672311662921,1,0
5015,-0.357793262505679,1,0
5016,-1.062140548470969,1,0
5017,-0.882395050591922,1,0
5018,-0.6657674154132098,1,0
5019,-0.7225629147602775,1,0
5020,-0.5912822644194099,1,0
5021,-0.9447244492030743,1,0
5022,-0.45021430802431595,1,0
5023,-0.5108363833368657,1,0
5024,-0.831057320296183,1,0
5025,-0.4940511468146058,1,0
5026,-0.8137930240823765,1,0
5027,-1.0258419285966491,1,0
5028,-0.9539058118778171,1,0
5029,-0.5884242831182301,1,0
5030,-0.3079822675619931,0,0
5031,-0.9801813581010288,1,0
5032,-0.9431201082465396,1,0
5033,-0.733851579428968,1,0
5034,-0.9305255743663088,1,0
5035,-0.9282750118363298,1,0
5036,-0.6378741021688117,1,0
5037,-0.8144914745227133,1,0
5038,-0.5731135530811254,1,0
5039,-0.6474703449952712,1,0
5040,-0.799374758496818,1,0
5041,-0.7806508572542281,1,0
5042,-0.7319248653815724,1,0
5043,-0.4453385810066046,1,0
5044,-0.7191482681630668,1,0
5045,-0.7297653345207294,1,0
5046,-0.7101877716288368,1,0
5047,-0.9865047394745918,1,0
5048,-0.9117360181921691,1,0
5049,-0.522526502092624,1,0
5050,-0.8621832167995169,1,0
5051,-0.6147013047331618,1,0
5052,-1.000678237573771,1,0
5053,-0.5686795583444398,1,0
5054,-0.8869200769977437,1,0
5055,-1.0049450704285618,1,0
5056,-0.7379766271394472,1,0
5057,-0.6167056243850388,1,0
5058,-0.9975098338546623,1,0
5059,-0.7323128934039802,1,0
5060,-1.2452365134073995,1,0
5061,-0.8521735692130605,1,0
5062,-0.9824453466956623,1,0
5063,-0.9327239080293925,1,0
5064,-0.5198237320004045,1,0
5065,-0.9214218172960448,1,0
5066,-0.710678781993318,1,0
5067,-1.536374676317498,0,0
5068,-0.662845254572203,1,0
5069,-1.0035615956125399,1,0
5070,-0.7977077133921734,1,0
5071,-0.7101609194995279,1,0
5072,-0.3035587481065194,0,0
5073,-0.8804802872174555,1,0
5074,-1.2757535157478155,1,0
5075,-0.7584347038099487,1,0
5076,-0.30116640043223175,0,0
5077,-1.1577553744463036,1,0
5078,-0.6510909562766176,1,0
5079,-0.6722474833874559,1,0
5080,-0.9965785666008808,1,0
5081,-0.8162241745589077,1,0
5082,-0.9083094209220266,1,0
5083,-0.5848693267684307,1,0
5084,-0.9291540502232215,1,0
5085,-1.2244172608437964,1,0
5086,-0.7457088600666212,1,0
5087,-0.5737090211793971,1,0
5088,-0.4863965194919162,1,0
5089,-0.5538852154094054,1,0
5090,-0.6891745050540271,1,0
5091,-0.7925857434963629,1,0
5092,-1.1335095246125582,1,0
5093,-0.7809732303450889,1,0
5094,-0.313840015308664,0,0
5095,-0.6975917623568861,1,0
5096,-0.8748807330218211,1,0
5097,-0.7176230082027335,1,0
5098,-0.729842940125211,1,0
5099,-0.7611240478375109,1,0
5100,-0.9246797772925724,1,0
5101,-0.7807269874669898,1,0
5102,-0.7614732730576806,1,0
5103,-0.9792112880450038,1,0
5104,-0.42098974883078844,1,0
5105,-0.954913209344363,1,0
5106,-1.06040784843478,1,0
5107,-0.79430649285962,1,0
5108,-0.7071357763164532,1,0
5109,-1.0036003984147808,1,0
5110,-0.7404988092851117,1,0
5111,-0.7722186984949975,1,0
5112,-1.3260838485770061,1,0
5113,-0.6520476002679909,1,0
5114,-0.9370937232262511,1,0
5115,-0.980051523629652,1,0
5116,-0.9666555569670138,1,0
5117,-0.8823816245272675,1,0
5118,-1.1565405369038995,1,0
5119,-1.2789368209232959,1,0
5120,-0.9733789170359192,1,0
5121,-0.3755873718862046,1,0
5122,-0.836786708963197,1,0
5123,-1.131970838587573,1,0
5124,-1.4734498096080766,0,0
5125,-0.9788754888894885,1,0
5126,-0.8677305421282616,1,0
5127,-0.9668764231075239,1,0
5128,-0.7370841626879038,1,0
5129,-0.7986001778437168,1,0
5130,-0.8507512915947979,1,0
5131,-1.0229973733601212,1,0
5132,-0.5684198894016862,1,0
5133,-0.7184110149204892,1,0
5134,-0.6744711937881287,1,0
5135,-0.8093068004787929,1,0
5136,-0.9283138146385705,1,0
5137,-0.4318381566101759,1,0
5138,-0.7280460605491895,1,0
5139,-0.896799890112826,1,0
5140,-0.7983405089009632,1,0
5141,-0.6494612385824966,1,0
5142,-0.7944870808061694,1,0
5143,-1.0701846792077918,1,0
5144,-0.6549443843714114,1,0
5145,-0.5347852368173395,1,0
5146,-0.6517118011124728,1,0
5147,-0.8644203532648415,1,0
5148,-0.7021182641544305,1,0
5149,-0.6417021535260164,1,0
5150,-0.853324227215635,1,0
5151,-0.9509448482345695,1,0
5152,-0.5357941096756025,1,0
5153,-0.5866408296068631,1,0
5154,-0.8518243439928908,1,0
5155,-0.6458660040387365,1,0
5156,-0.8944329191761247,1,0
5157,-0.3852731709900803,1,0
5158,-0.824229502493487,1,0
5159,-0.71005793715746,1,0
5160,-0.812434926003941,1,0
5161,-1.2303272374573626,1,0
5162,-0.5034399495652098,1,0
5163,-0.45690034068270047,1,0
5164,-0.3873670469193763,1,0
5165,-0.9642109804258309,1,0
5166,-0.2758997270672858,0,0
5167,-1.0238644610740755,1,0
5168,-1.0519503129379604,1,0
5169,-0.4875471774944934,1,0
5170,-0.9178265827522875,1,0
5171,-0.568484068941516,1,0
5172,-0.7911634658781003,1,0
5173,-0.7595973124854577,1,0
5174,-1.2247411093263771,1,0
5175,-0.7752587431344493,1,0
5176,-0.9574100147524411,1,0
5177,-0.8534540616870118,1,0
5178,-1.289488232349409,1,0
5179,-0.6829406799578802,1,0
5180,-0.7412480132006238,1,0
5181,-0.5526569518023439,1,0
5182,-0.5744597004866292,1,0
5183,-0.8989594209736662,1,0
5184,-1.3364292953189805,1,0
5185,-0.6185293560903665,1,0
5186,-1.1591910781292207,1,0
5187,-0.5060651140529449,1,0
5188,-1.0484073072610955,1,0
5189,-1.2571206461743616,1,0
5190,-1.0551963222615535,1,0
5191,-0.6339699205988453,1,0
5192,-1.05932284536375,1,0
5193,-0.9391756484826125,1,0
5194,-1.5582028017393668,0,0
5195,-0.9051156404653343,1,0
5196,-1.0232301901735656,1,0
5197,-1.1390060964661246,1,0
5198,-0.6094778278869978,1,0
5199,-0.7005795781294427,1,0
5200,-0.8205700884098971,1,0
5201,-0.8681827496904992,1,0
5202,-0.9279780154830553,1,0
5203,-0.7576705984380622,1,0
5204,-0.5944118653362751,1,0
5205,-0.9725267307783392,1,0
5206,-0.14739945242311647,0,0
5207,-0.7689085096315773,1,0
5208,-0.7847490528354012,1,0
5209,-1.1062236301393606,1,0
5210,-0.5189834964157564,1,0
5211,-0.7048464109842334,1,0
5212,-0.6460077891830479,1,0
5213,-0.7593137421968377,1,0
5214,-0.9356714456079884,1,0
5215,-0.7280192084198833,1,0
5216,-0.5227085654308933,1,0
5217,-1.2728447809714605,1,0
5218,-0.9567369410496906,1,0
5219,-1.1297068499929397,1,0
5220,-0.7214495841682211,1,0
5221,-1.0947797542617073,1,0
5222,-0.841672911262123,1,0
5223,-1.1681784267927597,1,0
5224,-0.7800941919582,1,0
5225,-1.0494937857238429,1,0
5226,-1.0315071377238332,1,0
5227,-1.1568241071925196,1,0
5228,-0.8414923233155708,1,0
5229,-0.8536749278275274,1,0
5230,-0.9663705112866738,1,0
5231,-0.4880128111213855,1,0
5232,-0.8195224127493905,1,0
5233,-1.060188457685987,1,0
5234,-0.9328403164361149,1,0
5235,-0.6888506565714464,1,0
5236,-0.5281902358280882,1,0
5237,-0.7223032458175238,1,0
5238,-0.9129389050616415,1,0
5239,-0.7783614919220083,1,0
5240,-0.8913301703885629,1,0
5241,-0.782628324776799,1,0
5242,-0.8719197693785707,1,0
5243,-0.6583321788393104,1,0
5244,-0.8065264247820947,1,0
5245,-0.9512284185231895,1,0
5246,-0.9038859014665529,1,0
5247,-1.0193245332118794,1,0
5248,-0.968465862607687,1,0
5249,-0.8542166916671784,1,0
5250,-0.7525754806715579,1,0
5251,-0.6530564731262539,1,0
5252,-0.886752915115846,1,0
5253,-0.9332402951314572,1,0
5254,-1.0236182181959763,1,0
5255,-0.7063328681423259,1,0
5256,-1.0817449634921679,1,0
5257,-0.8306170634068771,1,0
5258,-0.8058145482771034,1,0
5259,-1.4204704109452821,0,0
5260,-0.41247998446707623,1,0
5261,-0.9017920255372597,1,0
5262,-1.1302635152889677,1,0
5263,-0.4504605509024151,1,0
5264,-0.8702915270761669,1,0
5265,-0.6684328580949084,1,0
5266,-1.1097666358162255,1,0
5267,-0.885472422641892,1,0
5268,-0.7571019824690994,1,0
5269,-0.585205125923946,1,0
5270,-0.683949552816146,1,0
5271,-1.1203195226340585,1,0
5272,-0.8427981925271111,1,0
5273,-0.6568069188789799,1,0
5274,-0.6439273393184064,1,0
5275,-0.8564538281325029,1,0
5276,-0.9152536471314476,1,0
5277,-0.9690479046413014,1,0
5278,-1.138047977083037,1,0
5279,-0.9238395417079215,1,0
5280,-1.0999390515680414,1,0
5281,-1.0039242468973613,1,0
5282,-0.8200910287183533,1,0
5283,-1.0596974473215086,1,0
5284,-0.7726843321218896,1,0
5285,-1.111693349863624,1,0
5286,-0.6154251319110848,1,0
5287,-0.7157604736951678,1,0
5288,-0.9881344571687128,1,0
5289,-1.0343263162227723,1,0
5290,-0.6263272439490875,1,0
5291,-1.051641365911754,1,0
5292,-0.6302836543859464,1,0
5293,-1.2632365874720664,1,0
5294,-1.0278731003778323,1,0
5295,-0.5188924647466203,1,0
5296,-0.916055079913855,1,0
5297,-0.8523287804220236,1,0
5298,-1.0698220279229704,1,0
5299,-0.4463862566671084,1,0
5300,-0.9044037639603403,1,0
5301,-1.1165556508166807,1,0
5302,-0.8500916439567019,1,0
5303,-0.8369658215180265,1,0
5304,-0.4520499904025782,1,0
5305,-1.246348368607736,1,0
5306,-0.49860302534973644,1,0
5307,-1.038903571495492,1,0
5308,-1.0125996977512541,1,0
5309,-1.0675848914576458,1,0
5310,-0.6756218517907059,1,0
5311,-1.1323454405453264,1,0
5312,-0.5863169811242797,1,0
5313,-0.49662555782716833,1,0
5314,-0.8970849357931632,1,0
5315,-0.9501165633228531,1,0
5316,-0.8786699815767851,1,0
5317,-0.08523869108557902,0,0
5318,-0.6420260020085999,1,0
5319,-0.4082907572167671,1,0
5320,-0.50503086445709,1,0
5321,-1.0932664449743084,1,0
5322,-0.6592380693555083,1,0
5323,-0.7853698976712564,1,0
5324,-1.220162378661943,1,0
5325,-0.8439368998567537,1,0
5326,-0.32681062653837356,1,0
5327,-0.5615010399298542,1,0
5328,-0.8398118521462744,1,0
5329,-0.8789416011924706,1,0
5330,-0.7069149101759403,1,0
5331,-0.9878628375530274,1,0
5332,-1.2035980082801934,1,0
5333,-0.9303837892219974,1,0
5334,-0.7267909448128246,1,0
5335,-0.8571269018352534,1,0
5336,-0.7473654298900512,1,0
5337,-1.0953364195577326,1,0
5338,-0.726932729957136,1,0
5339,-1.2852975297073828,1,0
5340,-0.5892271912923575,1,0
5341,-1.1850800717217447,1,0
5342,-1.3153130464021028,1,0
5343,-0.9975874394591439,1,0
5344,-1.0318295108146969,1,0
5345,-0.5406698366933166,1,0
5346,-0.6612289629427337,1,0
5347,-0.64869860860233,1,0
5348,-0.8009656733887011,1,0
5349,-1.2635082070877517,1,0
5350,-0.5120258441416836,1,0
5351,-0.6928204930729626,1,0
5352,-0.612594002739214,1,0
5353,-0.608468955028732,1,0
5354,-0.5959639774259146,1,0
5355,-0.5919419120575059,1,0
5356,-0.2777354094455481,0,0
5357,-0.5705152407226993,1,0
5358,-0.9574995710298573,1,0
5359,-0.9783456757227693,1,0
5360,-0.6100464438559605,1,0
5361,-0.5263411273851715,1,0
5362,-0.5293155170930763,1,0
5363,-0.6994408707998001,1,0
5364,-0.431333720181043,1,0
5365,-1.294531121249018,1,0
5366,-0.4979702298409494,1,0
5367,-0.6191367748615673,1,0
5368,-1.1609237781654125,1,0
5369,-0.928585434254256,1,0
5370,-1.0016214555004899,1,0
5371,-0.9784098552625964,1,0
5372,-1.0154591544441538,1,0
5373,-1.533336107069766,0,0
5374,-0.9132866548900886,1,0
5375,-0.493418351305816,1,0
5376,-0.5623949797731176,1,0
5377,-0.9123180602257863,1,0
5378,-0.8766000069933555,1,0
5379,-0.3339608174319303,1,0
5380,-0.8244623193069317,1,0
5381,-0.8543719028761443,1,0
5382,-0.9894149496426669,1,0
5383,-0.9154596118155861,1,0
5384,-0.750314442860367,1,0
5385,-1.0669774726864423,1,0
5386,-0.9362146848393621,1,0
5387,-0.791267923611888,1,0
5388,-0.7763571722701312,1,0
5389,-0.5603115791250363,1,0
5390,-1.1959419055657838,1,0
5391,-1.0802182281401147,1,0
5392,-0.5977086281350408,1,0
5393,-0.28937329933440836,0,0
5394,-0.8407296933354041,1,0
5395,-0.5163195291257805,1,0
5396,-0.6892774873960977,1,0
5397,-0.6693238471547291,1,0
5398,-0.8847097926617253,1,0
5399,-0.7002691557115137,1,0
5400,-0.7918484902537826,1,0
5401,-1.1857397193598407,1,0
5402,-0.6956784743741423,1,0
5403,-0.9274079241223754,1,0
5404,-0.6304000627926715,1,0
5405,-1.05544256513965,1,0
5406,-0.8731241316397603,1,0
5407,-0.6076152933794293,1,0
5408,-1.0656716034748992,1,0
5409,-1.1376868011899326,1,0
5410,-0.7910858602736159,1,0
5411,-0.4916199963380774,1,0
5412,-0.6763456789686317,1,0
5413,-1.010259578943859,1,0
5414,-1.1802953763731665,1,0
5415,-1.1077369394267595,1,0
5416,-0.9741430224078057,1,0
5417,-0.7160455193755105,1,0
5418,-0.9315986267644016,1,0
5419,-1.0521965558160624,1,0
5420,-1.1767269939587126,1,0
5421,-0.8548629132406227,1,0
5422,-1.122091025472488,1,0
5423,-0.6759188481439776,1,0
5424,-0.37367260851174366,1,0
5425,-0.6405380694587848,1,0
5426,-1.1062639083333214,1,0
5427,-0.6463570144032177,1,0
5428,-1.155803283661319,1,0
5429,-0.9880956543664721,1,0
5430,-0.838853732763184,1,0
5431,-1.0759006418101542,1,0
5432,-0.921912827660526,1,0
5433,-0.8688692494579042,1,0
5434,-1.1753435191426909,1,0
5435,-0.9192234836329638,1,0
5436,-1.0198423957056668,1,0
5437,-0.939511447638125,1,0
5438,-0.7611359985104454,1,0
5439,-0.7249552624345623,1,0
5440,-0.7243985971385369,1,0
5441,-0.30253792457531903,0,0
5442,-1.0696145878471093,1,0
5443,-0.8103410500746477,1,0
5444,-0.5364671833783557,1,0
5445,-0.7739513985311863,1,0
5446,-1.250215222767184,1,0
5447,-0.5099961477522202,1,0
5448,-0.9651810504818559,1,0
5449,-0.6950054006713918,1,0
5450,-0.9616902736718835,1,0
5451,-0.9389562577338195,1,0
5452,-0.9135463238328423,1,0
5453,-0.5420921143115792,1,0
5454,-0.8639935224401929,1,0
5455,-0.6495254181223237,1,0
5456,-0.8746105887978528,1,0
5457,-0.6468106973571752,1,0
5458,-0.648891147221814,1,0
5459,-1.091754611078627,1,0
5460,-0.9495733240914794,1,0
5461,-0.8214357007321343,1,0
5462,-1.3340757504469336,1,0
5463,-0.8917435751485625,1,0
5464,-0.9620514495649879,1,0
5465,-0.3796601907297886,1,0
5466,-0.618114475938647,1,0
5467,-1.0211094621149637,1,0
5468,-0.6131103898412787,1,0
5469,-0.382997231722515,1,0
5470,-1.0374156389456797,1,0
5471,-0.9183563959190066,1,0
5472,-0.9338477139026607,1,0
5473,-0.6245423150460006,1,0
5474,-0.688926786784208,1,0
5475,-0.9762891272039942,1,0
5476,-0.7072387586585183,1,0
5477,-1.4995193911471472,0,0
5478,-1.220305639197969,1,0
5479,-1.2044889973400168,1,0
5480,-0.4885426242881047,1,0
5481,-1.3037512867260044,1,0
5482,-0.8887572347677231,1,0
5483,-0.5553731479592178,1,0
5484,-0.762249329102499,1,0
5485,-0.713781530780877,1,0
5486,-0.43253660705051267,1,0
5487,-0.6507417310564506,1,0
5488,-1.1015941459997487,1,0
5489,-0.8850455918172406,1,0
5490,-0.599107004407437,1,0
5491,-0.6318745692778294,1,0
5492,-0.6443407440784032,1,0
5493,-0.6611125545360086,1,0
5494,-0.9435349883982563,1,0
5495,-0.5077067824200004,1,0
5496,-0.9018308283395005,1,0
5497,-0.8407953482669511,1,0
5498,-1.3762709208701707,0,0
5499,-0.8314841511208343,1,0
5500,-0.31276696291057116,0,0
5501,-0.930176349146139,1,0
5502,-1.1698723240267106,1,0
5503,-1.027601480762144,1,0
5504,-1.051523482113312,1,0
5505,-0.9082825687927204,1,0
5506,-1.0620375661289012,1,0
5507,-0.6578277424101803,1,0
5508,-0.6227842382722226,1,0
5509,-0.7987285369233765,1,0
5510,-0.8386223913414564,1,0
5511,-0.5795160154508927,1,0
5512,-1.1740376499311505,1,0
5513,-1.0670550782909265,1,0
5514,-0.6733324864584861,1,0
5515,-0.9671211905939059,1,0
5516,-0.5707346314714923,1,0
5517,-0.41886902077218624,1,0
5518,-0.9617156504094726,1,0
5519,-0.7625463254557735,1,0
5520,-1.0389289482330781,1,0
5521,-0.7688697068293365,1,0
5522,-1.032735401330892,1,0
5523,-0.47637344584080255,1,0
5524,-0.7902321986243133,1,0
5525,-0.29676973310606425,0,0
5526,-1.1794417147238638,1,0
5527,-0.8772477039585225,1,0
5528,-0.9795739393298281,1,0
5529,-0.6157758325229745,1,0
5530,-0.8135094537937565,1,0
5531,-0.8696050273087647,1,0
5532,-0.4393390481156223,1,0
5533,-0.8081546670844986,1,0
5534,-0.6793200686765338,1,0
5535,-0.9027620955932847,1,0
5536,-1.1261906964453838,1,0
5537,-0.5943088829942073,1,0
5538,-1.0063285452445836,1,0
5539,-0.9859107467680428,1,0
5540,-0.5663513902099793,1,0
5541,-0.5544404053137109,1,0
5542,-1.1099218470251886,1,0
5543,-0.6488015909443978,1,0
5544,-0.9560131138717648,1,0
5545,-1.1200732797559594,1,0
5546,-0.5862528015844526,1,0
5547,-0.7366707579279069,1,0
5548,-0.709178898770571,1,0
5549,-0.8899854983747818,1,0
5550,-0.8978997946402251,1,0
5551,-0.7872458582434766,1,0
5552,-0.44100756861198687,1,0
5553,-0.8584715738490345,1,0
5554,-0.8715973962877072,1,0
5555,-0.7632447758961131,1,0
5556,-0.5373581724381765,1,0
5557,-1.049984796088324,1,0
5558,-1.134828819888753,1,0
5559,-0.7580212990499491,1,0
5560,-1.0006260087068757,1,0
5561,-0.7358051456056725,1,0
5562,-0.6495000413847374,1,0
5563,-0.7189288774142766,1,0
5564,-1.2632888163389615,1,0
5565,-1.047735708950065,1,0
5566,-0.294934050727802,0,0
5567,-0.5813382717644977,1,0
5568,-0.9366027128617727,1,0
5569,-0.7671489574660795,1,0
5570,-0.41784672184926597,1,0
5571,-0.7026615033858041,1,0
5572,-0.7742618209491153,1,0
5573,-0.8071860724201935,1,0
5574,-0.9130941162706074,1,0
5575,-0.618451750485885,1,0
5576,-1.253513460957667,1,0
5577,-1.0774005250328955,1,0
5578,-0.9326448270331911,1,0
5579,-1.0523383409603708,1,0
5580,-0.5966758539309058,1,0
5581,-0.8301768065175741,1,0
5582,-0.40332547392163964,1,0
5583,-0.9370175930134894,1,0
5584,-0.5447426555369006,1,0
5585,-0.8778043692545479,1,0
5586,-0.8402118308416168,1,0
5587,-0.9035381516381058,1,0
5588,-0.5747178940376602,1,0
5589,-0.8984549845445361,1,0
5590,-0.5252024200555316,1,0
5591,-0.9147492107023147,1,0
5592,-0.7587824536383958,1,0
5593,-0.6908161734210827,1,0
5594,-0.3904458943610689,1,0
5595,-1.028946152775928,1,0
5596,-0.8825502618008824,1,0
5597,-0.4994701130636936,1,0
5598,-0.9776860280846705,1,0
5599,-0.5831097746029329,1,0
5600,-0.4384988125309741,1,0
5601,-0.652111779807818,1,0
5602,-0.717169325248776,1,0
5603,-0.869502044966694,1,0
5604,-0.8647561524203595,1,0
5605,-0.9582502503370893,1,0
5606,-0.5513257058532173,1,0
5607,-1.1760136420620015,1,0
5608,-1.08301202990147,1,0
5609,-1.190175189488249,1,0
5610,-1.1195703187185462,1,0
5611,-0.640241073105513,1,0
5612,-1.0343516929603584,1,0
5613,-0.6967127239699972,1,0
5614,-0.6114940982118094,1,0
5615,-0.2635365346087798,0,0
5616,-0.6628586806368547,1,0
5617,-0.7986509313188922,1,0
5618,-1.0254927033764765,1,0
5619,-1.1766105855519904,1,0
5620,-0.3785751876587612,1,0
5621,-0.7545424729129141,1,0
5622,-0.39613500483412223,1,0
5623,-1.00521669004425,1,0
5624,-0.5142898327363171,1,0
5625,-0.9992052064803331,1,0
5626,-0.8485275811941279,1,0
5627,-1.0965646831647913,1,0
5628,-0.521310189158497,1,0
5629,-0.9703925766550825,1,0
5630,-1.467683093530539,0,0
5631,-0.9018696311417412,1,0
5632,-0.7254462727990435,1,0
5633,-0.7030749081457982,1,0
5634,-0.43829137245511296,1,0
5635,-0.48456083711365394,1,0
5636,-1.2228397720165707,1,0
5637,-0.5593161323314222,1,0
5638,-0.8050772950345259,1,0
5639,-0.25363134475611115,0,0
5640,-0.6571949469013905,1,0
5641,-0.7997881632568149,1,0
5642,-1.1345437742084101,1,0
5643,-0.3981781272882401,1,0
5644,-0.6584485872460355,1,0
5645,-0.5610488323676166,1,0
5646,-1.2472930619261746,1,0
5647,-1.0198423957056668,1,0
5648,-0.870821340242886,1,0
5649,-0.9666301802294275,1,0
5650,-0.792457384416706,1,0
5651,-1.0372470016720619,1,0
5652,-1.2614143311584587,1,0
5653,-0.6683537770987041,1,0
5654,-0.8434324634276208,1,0
5655,-1.1611431689142053,1,0
5656,-0.8929598880826867,1,0
5657,-0.3272359819713022,1,0
5658,-0.649292601308879,1,0
5659,-0.5722225640213047,1,0
5660,-0.7880338649612323,1,0
5661,-0.7909306490646528,1,0
5662,-1.1129872684022297,1,0
5663,-0.9041709471468956,1,0
5664,-0.7045106118287153,1,0
5665,-0.43239482190620404,1,0
5666,-1.0340278444777806,1,0
5667,-0.9407023838346629,1,0
5668,-0.828587367017411,1,0
5669,-1.1319320357853324,1,0
5670,-0.8697736645823823,1,0
5671,-1.2457021470342944,1,0
5672,-0.9064215096768746,1,0
5673,-0.256863928015047,0,0
5674,-0.9948458665646864,1,0
5675,-0.6801215014589385,1,0
5676,-1.1161556721213384,1,0
5677,-0.6048349176827311,1,0
5678,-1.113103676808952,1,0
5679,-0.8502214784280759,1,0
5680,-0.5341136385063089,1,0
5681,-0.8531570653337373,1,0
5682,-0.9308867502594104,1,0
5683,-1.214783690606816,1,0
5684,-1.3938575901748351,0,0
5685,-0.8788251927857454,1,0
5686,-0.9639781636123834,1,0
5687,-0.7708217976143211,1,0
5688,-0.8401342252371352,1,0
5689,-1.2262544186137758,1,0
5690,-0.362242158698739,1,0
5691,-1.0240838518228683,1,0
5692,-0.666324080709238,1,0
5693,-1.2383833188671174,1,0
5694,-0.8257547624538203,1,0
5695,-0.6534952546238426,1,0
5696,-0.9348834388902355,1,0
5697,-1.031456384248658,1,0
5698,-0.34887156877368986,1,0
5699,-0.6202620561265554,1,0
5700,-0.6884103996821406,1,0
5701,-1.0349203089293213,1,0
5702,-0.5506004032835715,1,0
5703,-1.104362571023515,1,0
5704,-0.8677051653906753,1,0
5705,-0.7480116514634927,1,0
5706,-0.6394262142584511,1,0
5707,-0.6345504872407398,1,0
5708,-0.9813708189058468,1,0
5709,-0.7656505496350552,1,0
5710,-0.397143877692388,1,0
5711,-1.1979088978071402,1,0
5712,-0.76976217128088,1,0
5713,-0.6306328796061189,1,0
5714,-1.095478204702044,1,0
5715,-1.0700548447364122,1,0
5716,-0.9060976611942911,1,0
5717,-0.8789804039947113,1,0
5718,-0.7473520038253967,1,0
5719,-1.6539982156612538,0,0
5720,-0.6349653673924566,1,0
5721,-0.3540816195551938,1,0
5722,-0.6793722975434291,1,0
5723,-0.969812010013188,1,0
5724,-0.7029584997390759,1,0
5725,-1.1470875546134685,1,0
5726,-1.4769928152849388,0,0
5727,-0.5324585440745988,1,0
5728,-0.7243597943362962,1,0
5729,-0.7539216280770589,1,0
5730,-0.2540193727785217,0,0
5731,-0.6776769249177583,1,0
5732,-0.72821322243109,1,0
5733,-0.6587336329263754,1,0
5734,-0.32224532193858846,0,0
5735,-0.7419464636409634,1,0
5736,-0.7940602499815208,1,0
5737,-0.9712328122397307,1,0
5738,-0.7108727960045219,1,0
5739,-0.9917162656478185,1,0
5740,-0.765689352437296,1,0
5741,-0.6653540106532158,1,0
5742,-0.6274256730847666,1,0
5743,-0.7310189748653745,1,0
5744,-0.6421289843506678,1,0
5745,-1.12850543851519,1,0
5746,-0.7481414859348695,1,0
5747,-1.4031926886668238,0,0
5748,-0.7570631796668587,1,0
5749,-0.5587340902978077,1,0
5750,-0.7632447758961131,1,0
5751,-0.8662948384453417,1,0
5752,-0.8460053990484606,1,0
5753,-0.6473927393907897,1,0
5754,-0.4573525482449381,1,0
5755,-1.264220083592746,1,0
5756,-1.0276925124312801,1,0
5757,-0.9302659054235551,1,0
5758,-0.6971529808593002,1,0
5759,-0.7237001466981974,1,0
5760,-0.7938274331680734,1,0
5761,-1.0426793939858015,1,0
5762,-0.6615393853606627,1,0
5763,-0.7678354572334845,1,0
5764,-1.1893857073787735,1,0
5765,-0.6773799285644838,1,0
5766,-0.9318956231176762,1,0
5767,-0.9866987534857957,1,0
5768,-0.6586814040594829,1,0
5769,-0.629224028052508,1,0
5770,-0.32146926589376734,0,0
5771,-0.41934660507201293,1,0
5772,-0.6701521320664428,1,0
5773,-0.6862374427566459,1,0
5774,-1.146039878952962,1,0
5775,-0.7624806705242265,1,0
5776,-0.4829818728947083,1,0
5777,-0.9849914301871932,1,0
5778,-0.9935011945509054,1,0
5779,-1.1784850707324934,1,0
5780,-0.6002054335431217,1,0
5781,-0.8837128704763941,1,0
5782,-0.7998030647131893,1,0
5783,-0.5352508704442288,1,0
5784,-1.0090313153368002,1,0
5785,-0.8832860396517428,1,0
5786,-0.9721640794935149,1,0
5787,-0.9708701609549092,1,0
5788,-0.5543523244280146,1,0
5789,-1.123346141208856,1,0
5790,-0.7887323154015691,1,0
5791,-0.6755949996613997,1,0
5792,-1.1337945702929009,1,0
5793,-0.8780103339386863,1,0
5794,-0.883532282529842,1,0
5795,-0.6813109622637592,1,0
5796,-0.7857833024312533,1,0
5797,-0.9153178266712775,1,0
5798,-0.8577731234086977,1,0
5799,-1.1108277375413866,1,0
5800,-0.3729353552691633,1,0
5801,-1.2013474457502142,1,0
5802,-1.1155214012208259,1,0
5803,-0.9957383310162299,1,0
5804,-0.8418415485357406,1,0
5805,-1.2524001303656136,1,0
5806,-0.8618339915793499,1,0
5807,-0.11300216985860312,0,0
5808,-0.4074236695028127,1,0
5809,-0.9070543051856644,1,0
5810,-0.6564964964610509,1,0
5811,-0.42566998644557597,1,0
5812,-0.6445079059603009,1,0
5813,-1.1802953763731665,1,0
5814,-0.9639005580079019,1,0
5815,-0.9360728996950507,1,0
5816,-0.9701731859062923,1,0
5817,-0.6885656108911065,1,0
5818,-0.8933210639757883,1,0
5819,-0.9352580408479888,1,0
5820,-1.107620531020037,1,0
5821,-0.969435932663712,1,0
5822,-1.0791720278713308,1,0
5823,-0.8425653757136664,1,0
5824,-0.7032301193547641,1,0
5825,-0.7835088385554079,1,0
5826,-0.46081794831732414,1,0
5827,-0.8563120429881943,1,0
5828,-0.6899490857071283,1,0
5829,-0.655862225560544,1,0
5830,-0.7632447758961131,1,0
5831,-0.830436475460325,1,0
5832,-0.6035678512734316,1,0
5833,-1.1078279710958956,1,0
5834,-1.0814345410742416,1,0
5835,-0.4476801752057197,1,0
5836,-0.5594593928674535,1,0
5837,-0.7446238569955937,1,0
5838,-0.9931265925931493,1,0
5839,-0.9890657244224998,1,0
5840,-0.6013307148081071,1,0
5841,-0.9306673595106202,1,0
5842,-0.8076636567200174,1,0
5843,-0.8142840344468549,1,0
5844,-0.8136512389380651,1,0
5845,-0.7469251730007426,1,0
5846,-1.0472954520607591,1,0
5847,-0.6509611218052408,1,0
5848,-1.151484221939636,1,0
5849,-1.0148383096082987,1,0
5850,-0.649073210560086,1,0
5851,-0.9329298727135282,1,0
5852,-1.0609898904683945,1,0
5853,-0.45772715020269694,1,0
5854,-1.0611316756127058,1,0
5855,-0.9543192166378139,1,0
5856,-0.7773526190637425,1,0
5857,-0.5752999360712774,1,0
5858,-0.975978704786068,1,0
5859,-0.9586382783594999,1,0
5860,-0.6891864557269617,1,0
5861,-0.6020291652484466,1,0
5862,-0.6205471018068981,1,0
5863,-1.3148727895127972,1,0
5864,-0.472314053061873,1,0
5865,-0.8203880250716278,1,0
5866,-0.7630761386224927,1,0
5867,-1.0454463436178452,1,0
5868,-1.1476173677801904,1,0
5869,-0.5630665780841482,1,0
5870,-1.2240426588860402,1,0
5871,-0.7459551029447203,1,0
5872,-1.1714498128539363,1,0
5873,-1.2116660403628798,1,0
5874,-0.5824127995543132,1,0
5875,-0.6369831131089881,1,0
5876,-1.2850393361563488,1,0
5877,-0.32259454715875546,0,0
5878,-0.6354175749546942,1,0
5879,-0.9206845640534672,1,0
5880,-0.8978997946402251,1,0
5881,-1.1500753703860251,1,0
5882,-0.45547806306443783,1,0
5883,-1.1653084948186483,1,0
5884,-0.9649348076037567,1,0
5885,-0.8717899349071939,1,0
5886,-0.6113642637404326,1,0
5887,-1.053399442685532,1,0
5888,-0.5339957547078639,1,0
5889,-0.9824707234332486,1,0
5890,-0.5954207381945437,1,0
5891,-0.9720864738890334,1,0
5892,-0.22196220902140074,0,0
5893,-1.0144502815858853,1,0
5894,-0.7659594966612615,1,0
5895,-0.23282404286544267,0,0
5896,-1.2823231399994777,1,0
5897,-1.114514003754283,1,0
5898,-0.4871979522743236,1,0
5899,-0.4818312148921311,1,0
5900,-0.5506794842797758,1,0
5901,-1.1221417789476633,1,0
5902,-0.7440925684371519,1,0
5903,-0.423161230364566,1,0
5904,-1.3889818631571211,0,0
5905,-1.2898762603718195,1,0
5906,-0.7169111316977422,1,0
5907,-0.6862508688212976,1,0
5908,-1.087899707592116,1,0
5909,-0.4330798462818891,1,0
5910,-0.4739557214289286,1,0
5911,-0.7020272324852944,1,0
5912,-0.8561702578438829,1,0
5913,-0.7403943515513212,1,0
5914,-0.6278271271718316,1,0
5915,-0.782098511610077,1,0
5916,-0.712877115656399,1,0
5917,-0.6746905845369217,1,0
5918,-0.6463450637302831,1,0
5919,-0.5174448103907686,1,0
5920,-1.0423555455032207,1,0
5921,-0.6684179566385312,1,0
5922,-1.0523383409603708,1,0
5923,-0.8601266682807446,1,0
5924,-0.8386865708812863,1,0
5925,-0.7143128193393161,1,0
5926,-0.985212296327706,1,0
5927,-0.8697094850425524,1,0
5928,-0.537773052589896,1,0
5929,-0.7674742813403801,1,0
5930,-0.6560950423739859,1,0
5931,-0.4033896534614667,1,0
5932,-0.5525017405933835,1,0
5933,-0.8060085622883101,1,0
5934,-0.5395057526260849,1,0
5935,-0.8362942232069959,1,0
5936,-0.6902848848626436,1,0
5937,-1.2707121022399264,1,0
5938,-0.23749232980729285,0,0
5939,-0.48957834927567945,1,0
5940,-0.8727853817008052,1,0
5941,-1.2486243078753012,1,0
5942,-0.9120076378078573,1,0
5943,-0.5880631072251258,1,0
5944,-0.5784414876610772,1,0
5945,-0.5106557953903162,1,0
5946,-1.3183113374558741,1,0
5947,-0.9658929269868471,1,0
5948,-1.151484221939636,1,0
5949,-0.48252966533247066,1,0
5950,-0.5669588089811828,1,0
5951,-1.2226054798114032,1,0
5952,-0.8430966642721055,1,0
5953,-0.9377414201914153,1,0
5954,-0.8080531601341479,1,0
5955,-1.0928530402143088,1,0
5956,-1.1284800617776036,1,0
5957,-0.8416863373267747,1,0
5958,-0.9105331313226994,1,0
5959,-0.4873143606810487,1,0
5960,-1.1700275352356737,1,0
5961,-0.928804825003049,1,0
5962,-0.9975620627215576,1,0
5963,-1.0220407293687506,1,0
5964,-0.45316332099463175,1,0
5965,-0.5708644659428691,1,0
5966,-1.0120833106491867,1,0
5967,-0.6881910089333504,1,0
5968,-1.0715801046967455,1,0
5969,-0.4356020284275508,1,0
5970,-1.439944991495104,0,0
5971,-0.6244005299016919,1,0
5972,-0.8686095805151506,1,0
5973,-0.7616031075290547,1,0
5974,-0.46626229130399544,1,0
5975,-0.6372666833976082,1,0
5976,-0.5833037886141368,1,0
5977,-0.9084765828039271,1,0
5978,-0.8800922591950477,1,0
5979,-0.5380058694033407,1,0
5980,-0.5175358420599047,1,0
5981,-1.103017899009734,1,0
5982,-0.7969436080202869,1,0
5983,-0.5279320422770545,1,0
5984,-1.187264979320171,1,0
5985,-0.8405356793242003,1,0
5986,-0.6447929516406437,1,0
5987,-0.9417366334305177,1,0
5988,-0.30852403140164686,0,0
5989,-1.6617050718508386,0,0
5990,-0.5694541389975383,1,0
5991,-1.394957494702237,0,0
5992,-0.8322721578385872,1,0
5993,-0.6509984492157617,1,0
5994,-0.6656898098087283,1,0
5995,-0.9402367502077735,1,0
5996,-0.6995184764042817,1,0
5997,-1.0643269314611181,1,0
5998,-0.48536226989606135,1,0
5999,-0.8669156832812025,1,0
6000,-1.1146423628339397,1,0
6001,-0.8633726776043349,1,0
6002,-0.9278347549470239,1,0
6003,-0.7317308513703658,1,0
6004,-0.8215521091388539,1,0
6005,-0.6485433973933669,1,0
6006,-1.0103118078107542,1,0
6007,-0.6292882075923378,1,0
6008,-1.2571594489766025,1,0
6009,-0.6926264790617559,1,0
6010,-1.084228342835594,1,0
6011,-0.5261351627010358,1,0
6012,-1.29026428839423,1,0
6013,-0.6239080441454908,1,0
6014,-0.7710934172300066,1,0
6015,-0.5817531519162172,1,0
6016,-0.6809109835684141,1,0
6017,-0.931715035171124,1,0
6018,-1.1701827464446395,1,0
6019,-0.8608251187210841,1,0
6020,-0.7650162787345455,1,0
6021,-1.062788245436133,1,0
6022,-0.8287157260970679,1,0
6023,-0.8375612896162982,1,0
6024,-0.7418420059071729,1,0
6025,-1.0317787573395214,1,0
6026,-0.4501486530927662,1,0
6027,-0.9036799367824144,1,0
6028,-0.8252637520893391,1,0
6029,-0.36520164695026947,1,0
6030,-0.8909555684308068,1,0
6031,-0.6906609622121196,1,0
6032,-0.5560581723349001,1,0
6033,-1.0921680158386238,1,0
6034,-0.7312652177434736,1,0
6035,-1.0305236416031538,1,0
6036,-0.7205839718459839,1,0
6037,-0.7775854358771872,1,0
6038,-0.5747313201023146,1,0
6039,-0.8983131994002247,1,0
6040,-1.0626196081625183,1,0
6041,-1.0109848815135047,1,0
6042,-0.6715087547531584,1,0
6043,-1.2212488571246878,1,0
6044,-0.6696984491124852,1,0
6045,-0.33853807270465,1,0
6046,-0.9845004198227147,1,0
6047,-0.4939093616702972,1,0
6048,-0.8935673068538874,1,0
6049,-0.7654177328216077,1,0
6050,-1.1429102780360938,1,0
6051,-1.1406746169624893,1,0
6052,-0.3917502881808893,1,0
6053,-1.118767410544419,1,0
6054,-0.8132512602427228,1,0
6055,-0.7592749393945969,1,0
6056,-0.8341212662815012,1,0
6057,-0.43582141917634654,1,0
6058,-0.3597080258801427,1,0
6059,-0.5758685520402401,1,0
6060,-0.807832293993635,1,0
6061,-0.8579537113552499,1,0
6062,-1.22393820115225,1,0
6063,-1.095439401899803,1,0
6064,-0.7014212891058108,1,0
6065,-0.4867069419098424,1,0
6066,-0.9783068729205285,1,0
6067,-1.2022264841371033,1,0
6068,-0.7342903609265539,1,0
6069,-0.8974849144885083,1,0
6070,-0.5972444698998713,1,0
6071,-0.5083798561227509,1,0
6072,-0.6962217136055188,1,0
6073,-0.5771102417119506,1,0
6074,-1.2232919795788084,1,0
6075,-0.976327930006235,1,0
6076,-0.835789786777863,1,0
6077,-0.8231042212284961,1,0
6078,-0.9770263804465745,1,0
6079,-0.9020233669589872,1,0
6080,-0.4997536833523164,1,0
6081,-1.1570315472683808,1,0
6082,-0.4440327117950643,1,0
6083,-0.741546484945621,1,0
6084,-0.5110826262149648,1,0
6085,-0.7579422180537476,1,0
6086,-0.8613161290855625,1,0
6087,-0.7765123834790943,1,0
6088,-0.7982748539694162,1,0
6089,-1.0790809962021948,1,0
6090,-0.899178811722462,1,0
6091,-0.9689314962345791,1,0
6092,-0.859455069969714,1,0
6093,-0.7400585523958086,1,0
6094,-0.8372120643961256,1,0
6095,-0.9653750644930598,1,0
6096,-0.6907639445541902,1,0
6097,-0.794927337695478,1,0
6098,-0.920465173304677,1,0
6099,-0.7135875167696731,1,0
6100,-0.911270384565277,1,0
6101,-0.7056732205042271,1,0
6102,-0.49333927030961455,1,0
6103,-0.9874494327930305,1,0
6104,-1.206170943901033,1,0
6105,-0.21487619766767108,0,0
6106,-0.46724578742467493,1,0
6107,-0.9345207876054112,1,0
6108,-1.0631628473938892,1,0
6109,-0.6503402769693856,1,0
6110,-0.7902710014265568,1,0
6111,-0.7652610462209247,1,0
6112,-0.5588639247691873,1,0
6113,-0.6443019412761625,1,0
6114,-0.6207664925556883,1,0
6115,-0.8351689419420077,1,0
6116,-0.6717938004335011,1,0
6117,-1.1395478603057811,1,0
6118,-0.7496533198305483,1,0
6119,-1.0909651289691542,1,0
6120,-1.0280148855221438,1,0
6121,-0.7364125643768732,1,0
6122,-0.8582895105107624,1,0
6123,-0.9079989985041004,1,0
6124,-1.196161296314574,1,0
6125,-0.7088028214210923,1,0
6126,-0.6474957217328603,1,0
6127,-0.8049355098902145,1,0
6128,-0.9605515663422437,1,0
6129,-0.5566133622392083,1,0
6130,-0.8722048150589079,1,0
6131,-0.6514387061050703,1,0
6132,-0.5161777439814719,1,0
6133,-1.5806263952595074,0,0
6134,-0.7620418890266434,1,0
6135,-1.045329935211123,1,0
6136,-0.9445946147316975,1,0
6137,-1.1260862387115933,1,0
6138,-0.9525477137993843,1,0
6139,-1.1462338929641658,1,0
6140,-0.9154864639448923,1,0
6141,-1.1240311655845407,1,0
6142,-0.8708601430451268,1,0
6143,-0.8249787064089992,1,0
6144,-0.8627518327684797,1,0
6145,-0.7987031601857875,1,0
6146,-0.5935984818809359,1,0
6147,-0.8034356266674675,1,0
6148,-0.9801306046258534,1,0
6149,-1.053308411016396,1,0
6150,-1.0134279826629677,1,0
6151,-0.5651873061427476,1,0
6152,-0.6078346841282223,1,0
6153,-0.9051798200051586,1,0
6154,-0.47800463892664624,1,0
6155,-0.6299732319680201,1,0
6156,-0.8969162985195483,1,0
6157,-0.40233002712802834,1,0
6158,-0.622240999040849,1,0
6159,-0.27535501244419225,0,0
6160,-0.6043827101204935,1,0
6161,-0.9360863257597052,1,0
6162,-1.0835298923952545,1,0
6163,-0.961857435553784,1,0
6164,-0.6253959766953032,1,0
6165,-0.801289521871279,1,0
6166,-0.38056608124598656,1,0
6167,-0.6992349061156589,1,0
6168,-0.4332619096201584,1,0
6169,-0.8104306063520639,1,0
6170,-0.7632835786983538,1,0
6171,-0.6150385792803942,1,0
6172,-0.8300096446356736,1,0
6173,-1.0173843930998294,1,0
6174,-0.4390286256976933,1,0
6175,-0.1877455144034368,0,0
6176,-0.6780649529401661,1,0
6177,-1.0016348815651444,1,0
6178,-1.209739326315487,1,0
6179,-0.948112243670976,1,0
6180,-1.0038854440951206,1,0
6181,-0.03940948331634386,0,0
6182,-1.2002355905498807,1,0
6183,-0.8910063219059822,1,0
6184,-0.8431339916826264,1,0
6185,-0.8842187822972469,1,0
6186,-0.8786834076414396,1,0
6187,-0.36555234756215915,1,0
6188,-0.41458876185274385,1,0
6189,-0.6498358405402527,1,0
6190,-1.0145532639279558,1,0
6191,-0.9630737484879054,1,0
6192,-0.784167010801784,1,0
6193,-0.3730010102007131,1,0
6194,-0.5949939073698923,1,0
6195,-0.7766541686234057,1,0
6196,-0.9744788215633238,1,0
6197,-1.2259947496710248,1,0
6198,-1.1193106497757928,1,0
6199,-1.1681008211882782,1,0
6200,-0.3302103716792071,1,0
6201,-1.2149000990135383,1,0
6202,-0.3768156354932606,1,0
6203,-0.5082888244536149,1,0
6204,-1.1027850821962866,1,0
6205,-0.9946906553557233,1,0
6206,-0.8567000710106049,1,0
6207,-1.3421303564649683,1,0
6208,-1.0919605757627682,1,0
6209,-0.5969982270217694,1,0
6210,-0.3914920946298528,1,0
6211,-0.773175342486368,1,0
6212,-0.707859603494379,1,0
6213,-0.8695274217042803,1,0
6214,-0.8591565982247196,1,0
6215,-0.5897823811966657,1,0
6216,-0.8475575111381001,1,0
6217,-0.8743762965926855,1,0
6218,-0.5370611760849048,1,0
6219,-0.9698359113590543,1,0
6220,-0.645788398434255,1,0
6221,-0.8552643673276877,1,0
6222,-0.7753214472825565,1,0
6223,-1.0045062889309757,1,0
6224,0.13094868720382458,0,1
6225,-1.2509659020744164,1,0
6226,-0.4866024841760547,1,0
6227,-0.5499019528432347,1,0
6228,-0.61382226634627,1,0
6229,-0.6271540534690812,1,0
6230,-0.7447134132730071,1,0
6231,-1.143220700454023,1,0
6232,-0.9281839801671937,1,0
6233,-1.1962657540483645,1,0
6234,-1.007570234916297,1,0
6235,-0.6338147093898794,1,0
6236,-0.7051180305999188,1,0
6237,-0.8404968765219595,1,0
6238,-1.0072344357607788,1,0
6239,-0.796749594009083,1,0
6240,-0.7612658329818223,1,0
6241,-0.7695801079426079,1,0
6242,-0.7438731776883589,1,0
6243,-0.8784237386986832,1,0
6244,-0.9651168709420288,1,0
6245,-1.1237326938395464,1,0
6246,-0.6108986301135433,1,0
6247,-1.2056530814072457,1,0
6248,-0.7532097515720676,1,0
6249,-0.7111951690953827,1,0
6250,-0.7148545831789699,1,0
6251,-0.7860817741762477,1,0
6252,-0.7639298002717954,1,0
6253,-0.9227142604429334,1,0
6254,-1.0164680273024196,1,0
6255,-0.5923702182738771,1,0
6256,-1.1981924680957627,1,0
6257,-0.5835366054275815,1,0
6258,-0.39808709561910405,1,0
6259,-0.17914619376230845,0,0
6260,-0.8429414530631396,1,0
6261,-0.9347282276812696,1,0
6262,-1.2576250826034947,1,0
6263,-0.562756155666222,1,0
6264,-0.4754570800433955,1,0
6265,-0.8403282392483419,1,0
6266,-0.6201710244574193,1,0
6267,-0.6151937904893601,1,0
6268,-0.6692596676148993,1,0
6269,-0.9325433200828404,1,0
6270,-0.8651053776405265,1,0
6271,-1.1000569353664835,1,0
6272,-0.4835639149283255,1,0
6273,-1.1514066163351515,1,0
6274,-0.5753133621359319,1,0
6275,-0.886467869435506,1,0
6276,-0.8315483306606614,1,0
6277,-0.4898619195642995,1,0
6278,-1.1179137488951163,1,0
6279,-0.6815706312065128,1,0
6280,-0.7928454124391165,1,0
6281,-1.0235794153937356,1,0
6282,-1.0632136008690645,1,0
6283,-0.8705750973647897,1,0
6284,-0.7820209060055955,1,0
6285,-0.2910149677014612,0,0
6286,-0.419061559391673,1,0
6287,-1.0490027753593645,1,0
6288,-0.5910374969330279,1,0
6289,-0.8076636567200174,1,0
6290,-0.9455258819854817,1,0
6291,-0.5785325193302132,1,0
6292,-1.0234242041847725,1,0
6293,-0.681039342648071,1,0
6294,-0.7387914859865063,1,0
6295,-1.3619810143642663,0,0
6296,-1.4236253885997363,0,0
6297,-0.6349907441300429,1,0
6298,-1.2560729705138551,1,0
6299,-1.1609237781654125,1,0
6300,-1.057628948129799,1,0
6301,-1.2217532935538205,1,0
6302,-0.6335042869719504,1,0
6303,-1.211472026351676,1,0
6304,-0.9786949009429363,1,0
6305,-0.29763682082001863,0,0
6306,-0.9070035517104891,1,0
6307,-0.5091693382322238,1,0
6308,-0.6318103897379995,1,0
6309,-1.0532696082141553,1,0
6310,-0.8957134116500759,1,0
6311,-0.8025685389535131,1,0
6312,-0.9779576477003588,1,0
6313,-0.6114164926073279,1,0
6314,-0.4824908625302299,1,0
6315,-0.6523833994235034,1,0
6316,-0.7729693778022295,1,0
6317,-0.7470684335367739,1,0
6318,-0.39431274852051446,1,0
6319,-1.0494549829216049,1,0
6320,-0.6829929088247755,1,0
6321,-0.3057182789673596,0,0
6322,-0.6906221594098788,1,0
6323,-1.078692968179784,1,0
6324,-0.7833267752171386,1,0
6325,-0.6331416356871289,1,0
6326,-0.810961894910503,1,0
6327,-0.6991304483818739,1,0
6328,-0.9066528510985966,1,0
6329,-0.8465874410820751,1,0
6330,-0.30461984983168044,0,0
6331,-1.0492878210397072,1,0
6332,-1.1313887965539586,1,0
6333,-1.0561275895153348,1,0
6334,-0.8706915057715092,1,0
6335,-1.1437773657500512,1,0
6336,-0.7094505183862593,1,0
6337,-0.6073570998283984,1,0
6338,-0.9592844999329442,1,0
6339,-0.23008246997098525,0,0
6340,-1.1779164547635306,1,0
6341,-0.924097735258958,1,0
6342,-0.5789339734172783,1,0
6343,-1.0180067133274073,1,0
6344,-1.2028085261707178,1,0
6345,-0.40964737990348277,1,0
6346,-0.9247320061594649,1,0
6347,-0.5430487583029525,1,0
6348,-0.8936837152606097,1,0
6349,-0.963176730829976,1,0
6350,-1.4242850362378323,0,0
6351,-0.855885212163543,1,0
6352,-0.7043554006197522,1,0
6353,-0.4254640217614375,1,0
6354,-1.0579513212206626,1,0
6355,-0.34236612406185196,1,0
6356,-0.8009910501262874,1,0
6357,-0.5313840162847833,1,0
6358,-1.038967751035319,1,0
6359,-0.7967883968113237,1,0
6360,-0.6591858404886131,1,0
6361,-0.7297265317184887,1,0
6362,-0.24106218761346665,0,0
6363,-0.5800846314198527,1,0
6364,-0.8271128605322531,1,0
6365,-0.7604778262640693,1,0
6366,-0.8523287804220236,1,0
6367,-0.7360364870273972,1,0
6368,-1.279117408869848,1,0
6369,-1.34859699837456,0,0
6370,-0.48537422056899593,1,0
6371,-0.26966590197113893,0,0
6372,-0.7077297690229994,1,0
6373,-0.4602478569566415,1,0
6374,-0.5179746235574906,1,0
6375,-0.7858609080357348,1,0
6376,-1.2598622190688165,1,0
6377,-0.9513194501923228,1,0
6378,-0.6555010496674396,1,0
6379,-1.0310415040969412,1,0
6380,-0.8612265728081464,1,0
6381,-0.6680314040078433,1,0
6382,-0.9085288116708223,1,0
6383,-0.5703734555783879,1,0
6384,-0.5965460194595318,1,0
6385,-0.5340091807725184,1,0
6386,-0.41816909494012955,1,0
6387,-0.8519795552018539,1,0
6388,-0.4093384328772737,1,0
6389,-0.8040042426364302,1,0
6390,-1.1387210507857874,1,0
6391,-0.48965595488015823,1,0
6392,-0.9753324832126264,1,0
6393,-1.0367947941098243,1,0
6394,-0.32892987920525585,1,0
6395,-0.41588120499962966,1,0
6396,-1.079327239080294,1,0
6397,-0.5677348650260011,1,0
6398,-0.9350520761638531,1,0
6399,-1.2143314830445784,1,0
6400,-0.8397715739523137,1,0
6401,-0.7594689534058008,1,0
6402,-1.2027443466308907,1,0
6403,-0.7597271469568345,1,0
6404,-0.8757731974733618,1,0
6405,-1.2161537393581834,1,0
6406,-0.841104295293163,1,0
6407,-1.01611732669053,1,0
6408,-1.0478386912921356,1,0
6409,-0.8442980757498553,1,0
6410,-1.3158025813748613,1,0
6411,-1.4258490990004065,0,0
6412,-0.9438185586868791,1,0
6413,-1.0147472779391626,1,0
6414,-0.4380451295770166,1,0
6415,-0.52735000024344,1,0
6416,-1.0394065325329023,1,0
6417,-0.9333193761276587,1,0
6418,-0.40774751798539344,1,0
6419,-1.138397202303204,1,0
6420,-0.42813993972434516,1,0
6421,-0.7457088600666212,1,0
6422,-0.7444820718512823,1,0
6423,-0.5620711312905369,1,0
6424,-1.0887279925038296,1,0
6425,-0.49248708405203456,1,0
6426,-0.3960185964273971,1,0
6427,-0.7273461347171328,1,0
6428,-1.1851576773262233,1,0
6429,-0.7086610362767864,1,0
6430,-1.0933828533810308,1,0
6431,-0.3213916602892858,0,0
6432,-1.0259851891326777,1,0
6433,-0.555307493027668,1,0
6434,-0.8182807230776801,1,0
6435,-1.003121338723234,1,0
6436,-1.1302112864220726,1,0
6437,-1.4137201987470704,0,0
6438,-0.8224311475257456,1,0
6439,-0.5701525894378778,1,0
6440,-0.6661166406333796,1,0
6441,-0.939227877349505,1,0
6442,-0.7771586050525386,1,0
6443,-0.7842192396686792,1,0
6444,-1.0840985083642174,1,0
6445,-0.5824769790941431,1,0
6446,-0.822638587601604,1,0
6447,-1.0663178250483463,1,0
6448,-0.6700088715304114,1,0
6449,-0.6905057510031537,1,0
6450,-1.159061243657844,1,0
6451,-0.39186817197933155,1,0
6452,-0.9012353602412343,1,0
6453,-0.6250721282127225,1,0
6454,-1.1841876072702013,1,0
6455,-0.4797224375064635,1,0
6456,-0.918874258412794,1,0
6457,-0.5485587562211736,1,0
6458,-0.595628178270402,1,0
6459,-0.6959098157958699,1,0
6460,-0.8060085622883101,1,0
6461,-0.6720654200491866,1,0
6462,-1.3185575803339704,1,0
6463,-1.0472044203916258,1,0
6464,-0.6678239639319822,1,0
6465,-0.7878532770146829,1,0
6466,-0.5241815965243313,1,0
6467,-1.031959345286071,1,0
6468,-0.5326510826940828,1,0
6469,-1.2949057232067767,1,0
6470,-0.8917823779508033,1,0
6471,-0.29120898171266785,0,0
6472,-0.3787423495406589,1,0
6473,-0.7620030862243998,1,0
6474,-0.6811557510547933,1,0
6475,-0.5811830605555346,1,0
6476,-1.14077612391284,1,0
6477,-0.47928365600888034,1,0
6478,-1.0417347006673627,1,0
6479,-0.6214903197336141,1,0
6480,-0.6845957743895875,1,0
6481,-1.0343248408310524,1,0
6482,-1.142599855618165,1,0
6483,-0.872980871103729,1,0
6484,-0.6635825078147806,1,0
6485,-1.4004660172287409,0,0
6486,-0.6873627240216368,1,0
6487,-1.1110993571570722,1,0
6488,-0.9736908148455681,1,0
6489,-0.7966719884046014,1,0
6490,-0.638236753453636,1,0
6491,-0.7002557296468592,1,0
6492,-1.0732754773224162,1,0
6493,-0.8955059715742203,1,0
6494,-0.5537956591319892,1,0
6495,-1.0430286192059683,1,0
6496,-0.7987673397256173,1,0
6497,-0.9391502717450234,1,0
6498,-0.8769119048030044,1,0
6499,-0.5587609424271167,1,0
6500,-0.7879831114860569,1,0
6501,-0.8966058761016193,1,0
6502,-0.6748323696812331,1,0
6503,-0.5734239754990544,1,0
6504,-0.8271650893991483,1,0
6505,-0.18307722746158384,0,0
6506,-0.8887050059008306,1,0
6507,-0.8916793956087327,1,0
6508,-0.6501462629581789,1,0
6509,-1.1070519150510771,1,0
6510,-0.2962011171371015,0,0
6511,-0.7459819550740265,1,0
6512,-0.6959620446627623,1,0
6513,-0.7315771155531198,1,0
6514,-1.0287387127000698,1,0
6515,-0.6899356596424738,1,0
6516,-0.8671096972924036,1,0
6517,-0.7795643787914808,1,0
6518,-0.7893397341727698,1,0
6519,-1.131415648683265,1,0
6520,-0.6083391205573552,1,0
6521,-0.7866250134076214,1,0
6522,-0.8516049532441006,1,0
6523,-1.4237537476793931,0,0
6524,-1.1442937528521158,1,0
6525,-0.8861828237551633,1,0
6526,-1.143505746134363,1,0
6527,-0.7913574798893042,1,0
6528,-0.6842973026445959,1,0
6529,-0.5849349816999805,1,0
6530,-1.2451454817382634,1,0
6531,-0.5002327430438602,1,0
6532,-0.8176852549794111,1,0
6533,-0.7003587119889298,1,0
6534,-1.4233015401171527,0,0
6535,-1.1778896026342216,1,0
6536,-0.8068487978729583,1,0
6537,-0.7707964208767348,1,0
6538,-1.2016966709703842,1,0
6539,-0.9891299039623269,1,0
6540,-0.9689583483638853,1,0
6541,-0.7043554006197522,1,0
6542,-0.7397361793049451,1,0
6543,-0.6621348534589289,1,0
6544,-0.7973062593051111,1,0
6545,-1.0214467366622015,1,0
6546,-0.9462243324258185,1,0
6547,-1.3233168989449622,1,0
6548,-1.3651494180833752,0,0
6549,-0.8151899249630529,1,0
6550,-0.7111697923577964,1,0
6551,-0.8114141024727406,1,0
6552,-0.982018515871011,1,0
6553,-0.8251339176179623,1,0
6554,-0.5396609638350508,1,0
6555,-0.7977838436049378,1,0
6556,-0.5561223518747299,1,0
6557,-1.3107343157376632,1,0
6558,-0.9979620414169027,1,0
6559,-0.5340733603123482,1,0
6560,-0.770447195656565,1,0
6561,-0.47994330364697635,1,0
6562,-0.8809593469090021,1,0
6563,-0.9728640053255744,1,0
6564,-0.6987812231617013,1,0
6565,-0.8058011222124517,1,0
6566,-1.2713195210111272,1,0
6567,-0.6797722762387715,1,0
6568,-0.7502622139934717,1,0
6569,-0.7465237189136803,1,0
6570,-1.0044794368016696,1,0
6571,-1.11034867784984,1,0
6572,-0.7739648245958408,1,0
6573,-0.7165619064775752,1,0
6574,-0.977078609313467,1,0
6575,-0.9251334602465272,1,0
6576,-0.6369816377172682,1,0
6577,-0.8728778887616612,1,0
6578,-1.088714566439175,1,0
6579,-1.0669774726864423,1,0
6580,-0.8089695259315605,1,0
6581,-0.9650392653375472,1,0
6582,-0.5469409891999844,1,0
6583,-0.6081451065461513,1,0
6584,-1.2254127076374077,1,0
6585,-0.9101585293649433,1,0
6586,-0.8439234737920992,1,0
6587,-1.2519091200011323,1,0
6588,-0.5727255250587177,1,0
6589,-0.5173925815238761,1,0
6590,-0.40657148324522996,1,0
6591,-0.7962332069070155,1,0
6592,-0.5389490873300595,1,0
6593,-0.4397912556778599,1,0
6594,-0.9738967795297093,1,0
6595,-1.045950780046978,1,0
6596,-0.8512303512863417,1,0
6597,-0.8496782391967023,1,0
6598,-0.49256468965651334,1,0
6599,-0.952094030845424,1,0
6600,-1.0180828435401663,1,0
6601,-1.3839001714552712,0,0
6602,-0.8393327924547278,1,0
6603,-0.9112181556983817,1,0
6604,-0.7055582874892247,1,0
6605,-0.8606042525805713,1,0
6606,-0.4066356627850598,1,0
6607,-0.6908923036338471,1,0
6608,-1.1690574651796486,1,0
6609,-0.7838058349086824,1,0
6610,-0.5772266501186729,1,0
6611,-0.8296469933508521,1,0
6612,-0.6698924631236891,1,0
6613,-0.7632313498314586,1,0
6614,-0.802762552964717,1,0
6615,-0.4608821278571512,1,0
6616,-0.43761829875236247,1,0
6617,-0.7545156207836079,1,0
6618,-0.7271013672307508,1,0
6619,-0.9003428957896908,1,0
6620,-0.587455688453925,1,0
6621,-0.9434827595313611,1,0
6622,-0.7338008259537926,1,0
6623,-0.803693820218504,1,0
6624,-1.0370156602503373,1,0
6625,-0.7186572577985884,1,0
6626,-1.0974437215516804,1,0
6627,-0.92319332013448,1,0
6628,-1.0671073071578192,1,0
6629,-0.9475436277020161,1,0
6630,-0.9257020762154899,1,0
6631,-1.1556092696501152,1,0
6632,-1.0211616909818588,1,0
6633,-0.9633453681035936,1,0
6634,-0.7473520038253967,1,0
6635,-0.7793569387156224,1,0
6636,-0.8598162458628156,1,0
6637,-1.3918666965876096,0,0
6638,-0.9305255743663088,1,0
6639,-0.5686407555421991,1,0
6640,-1.077969141001861,1,0
6641,-0.20826777061376534,0,0
6642,-0.8888079882428984,1,0
6643,-0.6819825605747898,1,0
6644,-0.9454736531185864,1,0
6645,-0.4161140218130771,1,0
6646,-1.2106064140294415,1,0
6647,-1.1476949733846693,1,0
6648,-0.8872827282825652,1,0
6649,-0.7783614919220083,1,0
6650,-1.0792750102133986,1,0
6651,-0.9344819848031705,1,0
6652,-0.9747116383767684,1,0
6653,-0.8611997206788374,1,0
6654,-1.313747508247809,1,0
6655,-0.7779734638995978,1,0
6656,-1.2273140449472197,1,0
6657,-0.8809071180421069,1,0
6658,-0.8301902325822258,1,0
6659,-0.5433457546562243,1,0
6660,-0.754102216023611,1,0
6661,-0.8128886089578985,1,0
6662,-0.8449069699127815,1,0
6663,-0.42879958736244395,1,0
6664,-0.8789027983902298,1,0
6665,-0.5865363718730726,1,0
6666,-0.5921493521333671,1,0
6667,-0.9614694075313734,1,0
6668,-0.7706024068655282,1,0
6669,-0.6976693679613677,1,0
6670,-0.7931812115946318,1,0
6671,-1.3256316410147684,1,0
6672,-1.0356963649741395,1,0
6673,-0.34500471461424154,1,0
6674,-0.7467953385293657,1,0
6675,-0.8261562165408826,1,0
6676,-0.9717760514711071,1,0
6677,-0.8710795337939226,1,0
6678,-0.3811988767547736,1,0
6679,-1.027795494773351,1,0
6680,-0.30562872268994623,0,0
6681,-0.694023379942435,1,0
6682,-0.6870000727368125,1,0
6683,-0.9463526915054754,1,0
6684,-0.7605032030016556,1,0
6685,-0.9051410172029178,1,0
6686,-0.3342712398498565,1,0
6687,-0.9551072233555696,1,0
6688,-0.8858589752725826,1,0
6689,-0.6802632866032499,1,0
6690,-0.7988583713947534,1,0
6691,-0.9184354769152081,1,0
6692,-0.6640347153770182,1,0
6693,-0.8516437560463386,1,0
6694,-0.8346645055128749,1,0
6695,-0.626339194622022,1,0
6696,-0.8041072249784981,1,0
6697,-1.0154457283794993,1,0
6698,-0.7990777621435435,1,0
6699,-0.5975280401884886,1,0
6700,-0.7541917723010244,1,0
6701,-0.45007252288000454,1,0
6702,-0.5718076838695851,1,0
6703,-0.7670594011886633,1,0
6704,-0.46344311280505646,1,0
6705,-0.6958336855831054,1,0
6706,-0.35506364028415616,1,0
6707,-0.8907361776820139,1,0
6708,-0.9874748095306168,1,0
6709,-0.8887184319654823,1,0
6710,-0.5416130546200326,1,0
6711,-0.837070279251817,1,0
6712,-0.7238165551049225,1,0
6713,-0.8080263080048417,1,0
6714,-1.1431953237164367,1,0
6715,-0.4962241037401033,1,0
6716,-1.3761545124634456,0,0
6717,-0.2244843911670652,0,0
6718,-0.6672926753735431,1,0
6719,-0.6868717136571556,1,0
6720,-0.7375109935125551,1,0
6721,-1.2755475510636771,1,0
6722,-1.3913354080291707,0,0
6723,-1.1392642900171612,1,0
6724,-0.9613276223870648,1,0
6725,-1.0257389462545785,1,0
6726,-0.42634306014832646,1,0
6727,-0.8008358389173242,1,0
6728,-0.26688552627443796,0,0
6729,-0.8993728257336631,1,0
6730,-0.7436269348102598,1,0
6731,-1.0561410155799866,1,0
6732,-1.002372134807722,1,0
6733,-0.9875792672644074,1,0
6734,-1.3174322990689853,1,0
6735,-0.7692323581141608,1,0
6736,-0.9517060028230162,1,0
6737,-1.328204576635608,1,0
6738,-1.0026422790316873,1,0
6739,-0.5965713961971181,1,0
6740,-0.9052439995449885,1,0
6741,-0.9932818038021124,1,0
6742,-1.0815897522832074,1,0
6743,-1.3022126007010193,1,0
6744,-0.4343991415580811,1,0
6745,-0.9139089751176666,1,0
6746,-0.9022054302972565,1,0
6747,-0.25840261404003473,0,0
6748,-0.7871025977074453,1,0
6749,-1.0222227927070227,1,0
6750,-0.3732726298163985,1,0
6751,-1.0058629116176916,1,0
6752,-0.6858882175364789,1,0
6753,-0.7805344488475058,1,0
6754,-1.1400776734725004,1,0
6755,-0.6519819453364412,1,0
6756,-0.664474972266324,1,0
6757,-0.546824580793262,1,0
6758,-0.8131736546382412,1,0
6759,-1.2107870019759908,1,0
6760,-0.8423459849648735,1,0
6761,-0.5610100295653758,1,0
6762,-0.8056339603305512,1,0
6763,-1.2578847515462455,1,0
6764,-0.49090959522480604,1,0
6765,-1.1939510119785557,1,0
6766,-1.0591154052878915,1,0
6767,-0.8322467811009981,1,0
6768,-0.5904808316370025,1,0
6769,-0.8338884494680565,1,0
6770,-0.2480452166251257,0,0
6771,-0.7071611530540395,1,0
6772,-0.6623020153408293,1,0
6773,-1.3363770664520853,1,0
6774,-0.9991261254841316,1,0
6775,-0.5982787194957234,1,0
6776,-0.7462401486250603,1,0
6777,-0.47717635401492986,1,0
6778,-0.7073163642630026,1,0
6779,-0.5550746762142206,1,0
6780,-0.8875543478982506,1,0
6781,-1.0122131451205607,1,0
6782,-0.8173106530216523,1,0
6783,-0.6771859145532771,1,0
6784,-0.9656735362380542,1,0
6785,-0.6864971116993995,1,0
6786,-1.089219002868308,1,0
6787,-0.7227435027068269,1,0
6788,-0.4548691689015172,1,0
6789,-1.1425879049452332,1,0
6790,-0.7842714685355745,1,0
6791,-1.0165053547129377,1,0
6792,-1.3059361943244363,1,0
6793,-0.9851346907232217,1,0
6794,-0.6073302476990894,1,0
6795,-0.8682469292303291,1,0
6796,-1.0813957382720008,1,0
6797,-0.8298544334267105,1,0
6798,-0.7857191228914234,1,0
6799,-1.1313365676870635,1,0
6800,-0.9289988390142556,1,0
6801,-0.21579403885680082,0,0
6802,-0.6054811392561754,1,0
6803,-0.7071223502517987,1,0
6804,-0.5689631286330599,1,0
6805,-0.8176986810440656,1,0
6806,-1.19043338303928,1,0
6807,-0.35461290811363844,1,0
6808,-0.566079770594291,1,0
6809,-0.7999821772680216,1,0
6810,-0.7556274759839415,1,0
6811,-0.6254989590373711,1,0
6812,-0.8130826229691052,1,0
6813,-0.7612270301795815,1,0
6814,-0.622240999040849,1,0
6815,-0.882304018922786,1,0
6816,-0.7026615033858041,1,0
6817,-0.8667470460075821,1,0
6818,-0.728432613179883,1,0
6819,-0.9362400615769484,1,0
6820,-1.1989685241405812,1,0
6821,-0.8935285040516466,1,0
6822,-0.6807035434925557,1,0
6823,-1.0756543989320522,1,0
6824,-0.2889076657075135,0,0
6825,-0.9529342664300722,1,0
6826,-0.9042485527513772,1,0
6827,-0.8483335671829212,1,0
6828,-1.0017378639072123,1,0
6829,-0.886687260184299,1,0
6830,-0.6588619920060323,1,0
6831,-1.0206050256858334,1,0
6832,-0.8866484573820582,1,0
6833,-0.7586406684940872,1,0
6834,-1.066484986930241,1,0
6835,-0.7786196854730421,1,0
6836,-0.6279301095139023,1,0
6837,-0.9723968963069624,1,0
6838,-0.8986743752933263,1,0
6839,-0.9275377585937522,1,0
6840,-0.6561472712408811,1,0
6841,-0.9021666274950185,1,0
6842,-1.1396388919749145,1,0
6843,-1.4890187331962124,0,0
6844,-0.7479847993341865,1,0
6845,-0.697411174410334,1,0
6846,-0.5638680108665556,1,0
6847,-1.1109829487503524,1,0
6848,-0.4960554664664857,1,0
6849,-0.1212134624773209,0,0
6850,-0.817504667032859,1,0
6851,-0.6203008589287962,1,0
6852,-0.9980918758882795,1,0
6853,-1.1019956000868136,1,0
6854,-1.2887763558444176,1,0
6855,-0.13351100000427718,0,0
6856,-1.1583627932175071,1,0
6857,-0.5049532588526084,1,0
6858,-0.6357802262395157,1,0
6859,-0.8268278148519131,1,0
6860,-0.721670450308734,1,0
6861,-0.8708079141782343,1,0
6862,-0.7624299170490512,1,0
6863,-1.045756766035777,1,0
6864,-0.20313385004502027,0,0
6865,-0.9694493587283665,1,0
6866,-0.34528828490286156,1,0
6867,-1.344395820451319,0,0
6868,-0.7724903181106829,1,0
6869,-0.426640056501601,1,0
6870,-0.5832784118765505,1,0
6871,-1.0495713913283244,1,0
6872,-0.494660040977532,1,0
6873,-0.4110845589781198,1,0
6874,-0.9747772933083182,1,0
6875,-1.0370544630525753,1,0
6876,-0.711338429631414,1,0
6877,-1.1339617321747957,1,0
6878,-1.046507445343009,1,0
6879,-0.5362597433024974,1,0
6880,-0.9936683564328058,1,0
6881,-0.9384130185024459,1,0
6882,-1.0459268787011144,1,0
6883,-0.6994408707998001,1,0
6884,-0.47815837474388945,1,0
6885,-1.0109072759090205,1,0
6886,-0.6765650697174219,1,0
6887,-0.7948228799616874,1,0
6888,-0.7747020778384212,1,0
6889,-0.5844171192061903,1,0
6890,-1.3653822348968196,0,0
6891,-0.6905311277407428,1,0
6892,-1.2701822890732046,1,0
6893,-1.0606794680504654,1,0
6894,-0.411238294795363,1,0
6895,-0.9086064172753039,1,0
6896,-0.759080925383393,1,0
6897,-0.7916156734403379,1,0
6898,-1.3166442923512296,1,0
6899,-0.6956008687696608,1,0
6900,-0.523560751688476,1,0
6901,-1.0463656601986977,1,0
6902,-0.9667077858339063,1,0
6903,-0.8123975985934201,1,0
6904,-0.5622905220393271,1,0
6905,-0.7100967399597036,1,0
6906,-0.9349864212323034,1,0
6907,-0.9361117024972915,1,0
6908,-0.9160804566514413,1,0
6909,-0.5290304714127364,1,0
6910,-0.259359258031408,0,0
6911,-0.5838216511079242,1,0
6912,-0.6999960607041056,1,0
6913,-0.8881229638672161,1,0
6914,-0.6448183283782299,1,0
6915,0.12705645630678997,0,1
6916,-0.8236220837222835,1,0
6917,-0.6957680306515585,1,0
6918,-1.010014811457477,1,0
6919,-0.8485007290648189,1,0
6920,-0.7145322100881091,1,0
6921,-0.9930489869886705,1,0
6922,-0.8893646535389266,1,0
6923,-0.2838259740056637,0,0
6924,-0.9414515877501778,1,0
6925,-1.24340083102914,1,0
6926,-0.7909037969353439,1,0
6927,-1.1826877240474543,1,0
6928,-0.7647954125940326,1,0
6929,-1.3550890170217433,0,0
6930,-1.253849260113185,1,0
6931,-0.5696869558109857,1,0
6932,-0.7320412737882948,1,0
6933,-0.847466479468964,1,0
6934,-1.2040636419070854,1,0
6935,-1.2498018180071846,1,0
6936,-0.5400997453326339,1,0
6937,-1.5894839094516695,0,0
6938,-0.8615101430967664,1,0
6939,-0.3719025810650284,1,0
6940,-0.6689880479992139,1,0
6941,-1.368213364068696,0,0
6942,-1.26212473227173,1,0
6943,-0.6184009970107096,1,0
6944,-0.8766656619249052,1,0
6945,-0.8401745034310959,1,0
6946,-0.7603479917926897,1,0
6947,-0.6615781881629035,1,0
6948,-0.6343698992941876,1,0
6949,-0.4117039284222579,1,0
6950,-0.3377112631846535,1,0
6951,-0.8839471626815587,1,0
6952,-1.2838110725492902,1,0
6953,-1.1517558415553215,1,0
6954,-0.3410214520480709,1,0
6955,-0.6781559846093022,1,0
6956,-0.39957502816891644,1,0
6957,-0.867251482436715,1,0
6958,-1.3399723009958453,1,0
6959,-0.8832352861765674,1,0
6960,-1.5046025582407196,0,0
6961,-0.9973038691705238,1,0
6962,-0.05130704214795778,0,0
6963,-0.5564596264219623,1,0
6964,-0.7172349801803257,1,0
6965,-0.9993723683622308,1,0
6966,-1.1647518295226171,1,0
6967,-0.7595331329456306,1,0
6968,-1.1986446756579978,1,0
6969,-1.2642708370679183,1,0
6970,-0.45051130437759046,1,0
6971,-0.5381610806123038,1,0
6972,-0.5562775630836903,1,0
6973,-0.6835749508583899,1,0
6974,-0.4145365329858486,1,0
6975,-0.5299632140582405,1,0
6976,-0.6677717350650869,1,0
6977,-0.8281351594551734,1,0
6978,-0.7617180405440599,1,0
6979,-0.8347286850527019,1,0
6980,-1.0543560866769024,1,0
6981,-0.5333122057239015,1,0
6982,-0.09399469832739038,0,0
6983,-1.0706368867700293,1,0
6984,-0.6342534908874653,1,0
6985,-1.2276110413004915,1,0
6986,-0.41520813129687917,1,0
6987,-1.005061478835284,1,0
6988,-1.0965646831647913,1,0
6989,-0.4510933464112049,1,0
6990,-0.7941124788484161,1,0
6991,-1.0241734081002845,1,0
6992,-0.9141671686687003,1,0
6993,-0.6341505085453947,1,0
6994,-0.9623230691806733,1,0
6995,-0.3236287967546103,0,0
6996,-0.8656486168719002,1,0
6997,-0.6583456049039649,1,0
6998,-0.7068895334383513,1,0
6999,-0.779215153571311,1,0
7000,-0.7089848847593644,1,0
7001,-0.9492240988713097,1,0
7002,-0.7421016748499265,1,0
7003,-0.8073278575645021,1,0
7004,-0.8628816672398565,1,0
7005,-0.43763172481701695,1,0
7006,-0.8632562691976126,1,0
7007,-0.7741976414092883,1,0
7008,-0.41132932646449905,1,0
7009,-0.901532356594506,1,0
7010,-1.4635848979493686,0,0
7011,-0.7172469308532603,1,0
7012,-0.7408346084406298,1,0
7013,-0.8341227416732211,1,0
7014,-0.9727461215271294,1,0
7015,-0.7764601546121991,1,0
7016,-0.6421289843506678,1,0
7017,-1.0958528066598001,1,0
7018,-0.9925311244948803,1,0
7019,-1.4445998523723025,0,0
7020,-0.7204929401768478,1,0
7021,-0.5661185733965318,1,0
7022,-1.61629074423332,0,0
7023,-0.5281126302236067,1,0
7024,-0.8162241745589077,1,0
7025,-1.0184842976272312,1,0
7026,-1.0420839258875354,1,0
7027,-1.109275625451747,1,0
7028,-0.7084670222655798,1,0
7029,-0.7686503160805463,1,0
7030,-1.313747508247809,1,0
7031,-1.0545501006881093,1,0
7032,-0.6014471232148322,1,0
7033,-0.8058667771439987,1,0
7034,-1.31035971377991,1,0
7035,-1.3296014775162845,1,0
7036,-0.7571930141382355,1,0
7037,-0.5607398853414075,1,0
7038,-0.5384446509009266,1,0
7039,-1.049765405339531,1,0
7040,-1.3768007340368897,0,0
7041,-1.1274697135276153,1,0
7042,-0.5336733816170031,1,0
7043,-0.6908803529609125,1,0
7044,-1.078033320541688,1,0
7045,-0.7346530122113754,1,0
7046,-0.41573941985531826,1,0
7047,-0.8506736859903163,1,0
7048,-1.0052554928464907,1,0
7049,-0.9013786207772628,1,0
7050,-0.790297853555863,1,0
7051,-1.3346443664158936,1,0
7052,-0.7941244295213506,1,0
7053,-1.265215530386357,1,0
7054,-1.054032238194322,1,0
7055,-1.1032358143668042,1,0
7056,-0.8469620430398339,1,0
7057,-0.8045862846700474,1,0
7058,-0.5537941837402693,1,0
7059,-0.9846048775565025,1,0
7060,-1.2170850066119676,1,0
7061,-0.524439790075365,1,0
7062,-0.807172646355539,1,0
7063,-0.6790872518630892,1,0
7064,-1.007467252574226,1,0
7065,-0.7034241333659708,1,0
7066,-0.8248115445271015,1,0
7067,-0.9755653000260683,1,0
7068,-1.0466477550955977,1,0
7069,-0.6851255875563123,1,0
7070,-0.9340163511762783,1,0
7071,-0.5102155385010104,1,0
7072,-0.7389720739330585,1,0
7073,-0.4610507651307688,1,0
7074,-0.6427886319887638,1,0
7075,-0.6388441722248367,1,0
7076,-1.2093781504223826,1,0
7077,-0.8902690686634046,1,0
7078,-1.3646972105211348,0,0
7079,-0.6612170122697991,1,0
7080,-0.6570009328901838,1,0
7081,-0.7389466971954722,1,0
7082,-1.49751654688699,0,0
7083,-0.6347967301188362,1,0
7084,-0.7351186458382647,1,0
7085,-0.7061269034581846,1,0
7086,-0.18275337897900312,0,0
7087,-1.3191515730405197,1,0
7088,-0.8548763393052772,1,0
7089,-1.1240684929950617,1,0
7090,-0.7541663955634381,1,0
7091,-0.97923814017431,1,0
7092,-0.8730704273811452,1,0
7093,-1.1627997387376354,1,0
7094,-1.187303782122412,1,0
7095,-1.1581687792063007,1,0
7096,-0.9797037738012049,1,0
7097,-0.5776400548786698,1,0
7098,-0.8430578614698647,1,0
7099,-1.2432844226224176,1,0
7100,-1.0151233552886358,1,0
7101,-1.1852338075389852,1,0
7102,-1.1618938482214376,1,0
7103,-0.5607518360143393,1,0
7104,-1.534744958623377,0,0
7105,-0.844363730681405,1,0
7106,-1.3537950984831348,0,0
7107,-0.8950015351450846,1,0
7108,-1.0320115741529663,1,0
7109,-0.2896837217523346,0,0
7110,-0.6652510283111451,1,0
7111,-0.9108957826075237,1,0
7112,-1.0915725477403577,1,0
7113,-0.637305486199849,1,0
7114,-0.6305940768038754,1,0
7115,-0.448299544649855,1,0
7116,-1.0117087086914278,1,0
7117,-1.0998629213552769,1,0
7118,-0.6946307987136358,1,0
7119,-0.8995146108779745,1,0
7120,-0.9674316130118321,1,0
7121,-0.8446353502970932,1,0
7122,-0.7609822626931995,1,0
7123,-0.7122696968851983,1,0
7124,-0.3424303036016818,1,0
7125,-0.46260287722040827,1,0
7126,-0.6044991185272186,1,0
7127,-1.0787317709820277,1,0
7128,-0.9066543264903165,1,0
7129,-0.7480370282010818,1,0
7130,-0.4513903427644822,1,0
7131,-0.7667101759684936,1,0
7132,-1.004686876877528,1,0
7133,-0.6299478552304338,1,0
7134,-0.7064238998114619,1,0
7135,-0.8614191114276304,1,0
7136,-1.314975771854865,1,0
7137,-0.14886053284361989,0,0
7138,-0.6366338878888184,1,0
7139,-1.0640553118454354,1,0
7140,-1.0140368768258883,1,0
7141,-0.7977330901297625,1,0
7142,-0.6133566327193807,1,0
7143,-0.9956995282139891,1,0
7144,-1.2604188843648472,1,0
7145,-0.555876108996628,1,0
7146,-1.1265772490760717,1,0
7147,-0.7886547097970875,1,0
7148,-0.8234265943193597,1,0
7149,-1.1813938055088458,1,0
7150,-0.8727868570925251,1,0
7151,-0.8302170847115348,1,0
7152,-0.7907620117910352,1,0
7153,-1.1565539629685513,1,0
7154,-0.5869512520247921,1,0
7155,-1.091754611078627,1,0
7156,-0.23060033246476985,0,0
7157,-0.8449965261901948,1,0
7158,-0.4945824353730477,1,0
7159,-0.8277725081703491,1,0
7160,-0.7759825703123752,1,0
7161,-0.48519363262244375,1,0
7162,-0.3187276929993127,0,0
7163,-0.6482583517130269,1,0
7164,-0.5365821163933582,1,0
7165,-1.334760774822616,1,0
7166,-1.0922709981806944,1,0
7167,-1.0987242140256344,1,0
7168,-0.7537529908034413,1,0
7169,-0.6459958385101133,1,0
7170,-0.6023261616017211,1,0
7171,-0.7231688581397583,1,0
7172,-1.103120881351799,1,0
7173,-1.1176943581463235,1,0
7174,-0.798624079189586,1,0
7175,-0.69584563625604,1,0
7176,-0.6733190603938344,1,0
7177,-0.7941900844528976,1,0
7178,-0.46895163533156037,1,0
7179,-1.1383583995009632,1,0
7180,-1.4212986958569958,0,0
7181,-0.6971261287299912,1,0
7182,-1.2845348997272161,1,0
7183,-1.0491967893705711,1,0
7184,-1.4638684682379888,0,0
7185,-0.5468499575308483,1,0
7186,-0.681039342648071,1,0
7187,-0.9551982550247057,1,0
7188,-1.2100377980604788,1,0
7189,-0.9737161915831571,1,0
7190,-0.5738642323883575,1,0
7191,-1.3963529201911933,0,0
7192,-0.4098040665041658,1,0
7193,-0.8694363900351443,1,0
7194,-0.8858604506643025,1,0
7195,-0.2742565833085103,0,0
7196,-0.778528653803906,1,0
7197,-0.5171866168397377,1,0
7198,-0.4816774790748879,1,0
7199,-0.9817722729929118,1,0
7200,-0.7500801506551996,1,0
7201,-0.944542385864805,1,0
7202,-0.872540614214426,1,0
7203,-0.973250557956265,1,0
7204,-0.704394203421993,1,0
7205,-0.8141691014318553,1,0
7206,-0.9369773148195287,1,0
7207,-0.5663767669475683,1,0
7208,-0.663815324628228,1,0
7209,-0.8827950292872644,1,0
7210,-1.0258419285966491,1,0
7211,-0.8641741103867423,1,0
7212,-1.0959304122642815,1,0
7213,-1.134581101618931,1,0
7214,-0.9074303825351376,1,0
7215,-0.7933483734765295,1,0
7216,-0.7729813284751641,1,0
7217,-0.6511939386186882,1,0
7218,-0.7455028953824799,1,0
7219,-1.0941842861634354,1,0
7220,-0.8760836198912908,1,0
7221,-0.8707049318361637,1,0
7222,-0.8936971413252642,1,0
7223,-1.0167515975910395,1,0
7224,-0.5696615790733967,1,0
7225,-0.8284963353482749,1,0
7226,-1.129448656441906,1,0
7227,-0.4963405121468256,1,0
7228,-0.8028401585692013,1,0
7229,-0.900059325501068,1,0
7230,-0.9294778987057994,1,0
7231,-0.962608114861016,1,0
7232,-0.6503790797716263,1,0
7233,-0.6321849916957584,1,0
7234,-0.637305486199849,1,0
7235,-0.7306712250369274,1,0
7236,-1.0484475854550563,1,0
7237,-0.6676687527230191,1,0
7238,-0.7446746104707663,1,0
7239,-0.49723297659836907,1,0
7240,-0.8149959109518462,1,0
7241,-0.5725061343099247,1,0
7242,-0.6765396929798356,1,0
7243,-1.2489615824225364,1,0
7244,-0.8326213830587542,1,0
7245,-1.4216732978147544,0,0
7246,-0.7624299170490512,1,0
7247,-0.887346907822395,1,0
7248,-0.8904765087392602,1,0
7249,-0.7814522900366355,1,0
7250,-0.6495388441869782,1,0
7251,-1.340734930976012,1,0
7252,-1.213619606539587,1,0
7253,-1.0392005678487664,1,0
7254,-0.7089714586947127,1,0
7255,-0.505909902843979,1,0
7256,-0.519965517144716,1,0
7257,-0.5620965080281232,1,0
7258,-0.9443871746558391,1,0
7259,-1.0029929796435773,1,0
7260,-0.7513994459313916,1,0
7261,-0.7442089768438742,1,0
7262,-0.20203542090934112,0,0
7263,-0.8445577446926089,1,0
7264,-0.8039654398341894,1,0
7265,-0.9045201723670626,1,0
7266,-1.0065747881226828,1,0
7267,-0.6776007947049967,1,0
7268,-0.6407455095346459,1,0
7269,-1.2120152655830525,1,0
7270,-0.7391780386171998,1,0
7271,-0.4864099455565707,1,0
7272,-0.7765765630189242,1,0
7273,-0.858199954233349,1,0
7274,-0.8420355625469472,1,0
7275,-0.5923433661445682,1,0
7276,-0.8126811688820429,1,0
7277,-0.5501093929190931,1,0
7278,-0.7909052723270638,1,0
7279,-1.017527653635858,1,0
7280,-0.4691202726051752,1,0
7281,-0.6035290484711908,1,0
7282,-0.7986121285166514,1,0
7283,-1.2669482304225488,1,0
7284,-0.7651714899435086,1,0
7285,-0.7686756928181326,1,0
7286,-1.3336369689493477,1,0
7287,-0.6411857664239518,1,0
7288,-0.36111687743375087,1,0
7289,-0.9509956017097421,1,0
7290,-1.2888032079737237,1,0
7291,-0.43994646688682304,1,0
7292,-1.1315305816982675,1,0
7293,-0.8150481398187415,1,0
7294,-0.9423962810686165,1,0
7295,-0.613758086806443,1,0
7296,-0.9535565866576473,1,0
7297,-1.0494430322486703,1,0
7298,-0.8335004214456432,1,0
7299,-0.7589003374368408,1,0
7300,-0.619486000081737,1,0
7301,-0.8734718814682102,1,0
7302,-0.9430305519691234,1,0
7303,-0.48877544110155213,1,0
7304,-0.2292034315840935,0,0
7305,-0.7104071623776298,1,0
7306,-1.2463871714099768,1,0
7307,-0.9383876417648568,1,0
7308,-0.9644184205016892,1,0
7309,-0.8369150680428539,1,0
7310,-0.8257935652560611,1,0
7311,-0.8043534678566,1,0
7312,-0.9262184633175574,1,0
7313,-0.8166510053835563,1,0
7314,-1.1743853997596005,1,0
7315,-0.6508447133985185,1,0
7316,-1.0304848388009131,1,0
7317,-0.764032782613866,1,0
7318,-1.0202692265303153,1,0
7319,-1.198916295273686,1,0
7320,-0.8690364113398019,1,0
7321,-0.665445042322349,1,0
7322,-1.0055793413290686,1,0
7323,-0.8825234096715762,1,0
7324,-1.318221781178458,1,0
7325,-0.9010025434277869,1,0
7326,-0.6031275943841286,1,0
7327,-0.5556313415102487,1,0
7328,-1.144695206939181,1,0
7329,-0.7024018344430505,1,0
7330,-0.9814364738373937,1,0
7331,-0.6874925584930108,1,0
7332,-0.9363445193107389,1,0
7333,-0.5865497979377271,1,0
7334,-1.254080601534907,1,0
7335,-0.7945885877565201,1,0
7336,-0.6175070571674462,1,0
7337,-1.0063673480468243,1,0
7338,-1.1127156487865415,1,0
7339,-0.5990040220653664,1,0
7340,-0.9384264445670976,1,0
7341,-0.7840506023950644,1,0
7342,-1.2559446114341983,1,0
7343,-1.1335349013501472,1,0
7344,-0.4546751548903105,1,0
7345,-0.8349749279308011,1,0
7346,-0.6357026206350341,1,0
7347,-0.8505438515189395,1,0
7348,-0.8134826016644475,1,0
7349,-0.768883132893991,1,0
7350,-0.9967606299391529,1,0
7351,-0.6889536389135142,1,0
7352,-0.7757229013696215,1,0
7353,-0.8856530105884441,1,0
7354,-1.00874774504818,1,0
7355,-0.8803131253355578,1,0
7356,-0.6771859145532771,1,0
7357,-0.5903256204280366,1,0
7358,-1.1222208599438677,1,0
7359,-0.9819409102665294,1,0
7360,-1.110724755199316,1,0
7361,-1.164854811864688,1,0
7362,-0.861898171119177,1,0
7363,-0.6822288034528889,1,0
7364,-0.9827930965241094,1,0
7365,-0.64647342280994,1,0
7366,-0.7594689534058008,1,0
7367,-0.7939184648372094,1,0
7368,-0.8918346068176985,1,0
7369,-1.0076732172583647,1,0
7370,-0.7943960491370361,1,0
7371,-1.0153934995126042,1,0
7372,-1.0279372799176623,1,0
7373,-0.5290050946751501,1,0
7374,-1.2347239047835301,1,0
7375,-0.5530181276954482,1,0
7376,-1.1607566162835148,1,0
7377,-0.89836542826712,1,0
7378,-1.3236004692335823,1,0
7379,-0.83306163994806,1,0
7380,-0.8463546242686304,1,0
7381,-1.417663183119275,0,0
7382,-1.1053192150148827,1,0
7383,-0.7393466758908174,1,0
7384,-0.8913823992554581,1,0
7385,-0.9362281109040138,1,0
7386,-0.277308578620894,0,0
7387,-0.9643154381596214,1,0
7388,-0.7125920699760591,1,0
7389,-0.8599714570717815,1,0
7390,-1.0429898164037277,1,0
7391,-0.5829933661962078,1,0
7392,-1.1438281192252264,1,0
7393,-1.1456772276681377,1,0
7394,-0.7882547311017452,1,0
7395,-0.7938274331680734,1,0
7396,-0.855976243832679,1,0
7397,-0.635766800174864,1,0
7398,-0.7104713419174569,1,0
7399,-0.9370175930134894,1,0
7400,-0.633698300983157,1,0
7401,-0.9434693334667094,1,0
7402,-0.3924755907505323,1,0
7403,-0.7277087860019571,1,0
7404,-0.704264368950619,1,0
7405,-0.9367444980060813,1,0
7406,-0.7923797788122217,1,0
7407,-0.5204714289655687,1,0
7408,-1.155337650034427,1,0
7409,-1.4368541933804768,0,0
7410,-0.8637607056267455,1,0
7411,-1.2548835097090372,1,0
7412,-0.538058098270236,1,0
7413,-0.5627307789286329,1,0
7414,-0.9444916323896296,1,0
7415,-0.42336867044042437,1,0
7416,-0.9111927789607954,1,0
7417,-0.5876108996628882,1,0
7418,-0.8307722746158402,1,0
7419,-0.9812946886930851,1,0
7420,-0.7441970261709396,1,0
7421,-1.4070341660886831,0,0
7422,-0.9428753407601603,1,0
7423,-0.6550473667134821,1,0
7424,-0.9282496350987435,1,0
7425,-0.7092953071772934,1,0
7426,-1.174709248242181,1,0
7427,-0.6972947660036116,1,0
7428,-0.6960530763318984,1,0
7429,-1.0428599819323536,1,0
7430,-0.7460715113514399,1,0
7431,-0.9386070325136497,1,0
7432,-0.729842940125211,1,0
7433,-0.3312968501419544,1,0
7434,-0.8810757553157245,1,0
7435,-0.6914743456674616,1,0
7436,-0.765532665836613,1,0
7437,-0.7594555273411463,1,0
7438,-0.7551230395548086,1,0
7439,-0.9873330243863054,1,0
7440,-0.9699403690928449,1,0
7441,-1.2713583238133679,1,0
7442,-0.9236067248944768,1,0
7443,-0.8360091775266559,1,0
7444,-0.6999841100311738,1,0
7445,-0.6203008589287962,1,0
7446,-0.5181178840935219,1,0
7447,-1.1774896239388792,1,0
7448,-1.1396015645643964,1,0
7449,-0.7936975986966965,1,0
7450,-0.9890269216202563,1,0
7451,-1.1543556293054675,1,0
7452,-0.7222136895401077,1,0
7453,-1.0003678151558448,1,0
7454,-0.7903232302934493,1,0
7455,-1.275560977128329,1,0
7456,-1.1864501204731122,1,0
7457,-0.4852324354246845,1,0
7458,-1.3674761108261158,0,0
7459,-0.9557280681914249,1,0
7460,-1.1442161472476342,1,0
7461,-0.7771466543796041,1,0
7462,-1.0148517356729503,1,0
7463,-1.0842268674438742,1,0
7464,-1.0947931803263615,1,0
7465,-1.1206553217895738,1,0
7466,-1.1426132816828194,1,0
7467,-0.9861435635814902,1,0
7468,-0.882963666560882,1,0
7469,-0.5352254937066425,1,0
7470,-1.1154572216809988,1,0
7471,-0.19973262951246684,0,0
7472,-0.9148268163067963,1,0
7473,-0.8429534037360742,1,0
7474,-0.6969455407834418,1,0
7475,-0.5233279348750286,1,0
7476,-1.1575091315682045,1,0
7477,-0.818823962309051,1,0
7478,-0.9921684732100589,1,0
7479,-1.0683743735671185,1,0
7480,-0.6102016550649236,1,0
7481,-0.5543896518385383,1,0
7482,-0.7288862961338405,1,0
7483,-1.4748735626180594,0,0
7484,-0.8635920683531279,1,0
7485,-1.1290740544841498,1,0
7486,-0.7795763294644154,1,0
7487,-0.6950710556029388,1,0
7488,-0.9997335442553323,1,0
7489,-0.5050562411946763,1,0
7490,-0.9299047295304536,1,0
7491,-0.7182946065137641,1,0
7492,-0.9577846167102,1,0
7493,-0.9528059073504153,1,0
7494,-0.21686709125489645,0,0
7495,-0.8634637092734709,1,0
7496,-0.6269615148495972,1,0
7497,-0.8844501237189745,1,0
7498,-0.8762656832295629,1,0
7499,-0.2841244457506581,0,0
7500,-0.7079760119011014,1,0
7501,-0.8849679862127591,1,0
7502,-0.7850340985157411,1,0
7503,-0.5523987582513129,1,0
7504,-0.8358285895801038,1,0
7505,-1.432430673925003,0,0
7506,-0.14696067092553333,0,0
7507,-0.4511067724758594,1,0
7508,-1.3033110298366983,1,0
7509,-0.6142490971709214,1,0
7510,-1.3718474014146942,0,0
7511,-1.2700390285371759,1,0
7512,-0.6018859047124153,1,0
7513,-0.5942700801919665,1,0
7514,-1.0768438597368701,1,0
7515,-0.6969709175210281,1,0
7516,-0.9182534135769388,1,0
7517,-0.7556662787861823,1,0
7518,-1.1022284169002583,1,0
7519,-1.0465462481452499,1,0
7520,-0.6118567494966337,1,0
7521,-1.120901564667673,1,0
7522,-0.7628179450714617,1,0
7523,-0.8590401898179972,1,0
7524,-0.9762383737288216,1,0
7525,-1.1040775253431723,1,0
7526,-0.8815921424177947,1,0
7527,-1.2172536438855879,1,0
7528,-0.39868256371737576,1,0
7529,-0.9879658198950952,1,0
7530,-0.4123247732581131,1,0
7531,-1.0455373752869812,1,0
7532,-0.9928415469128093,1,0
7533,-1.0288043676316168,1,0
7534,-1.0686713699203905,1,0
7535,-1.1259190768296956,1,0
7536,-0.9444394035227344,1,0
7537,-1.0116967580184961,1,0
7538,-0.7916679023072304,1,0
7539,-0.4320067938837935,1,0
7540,-0.7661669367371199,1,0
7541,-0.7866891929474512,1,0
7542,-1.2193728965524675,1,0
7543,-0.8564015992656104,1,0
7544,-1.090627854421919,1,0
7545,-1.1719154464808286,1,0
7546,-0.6167578532519341,1,0
7547,-0.6371637010555403,1,0
7548,-0.9822513326844556,1,0
7549,-0.40019587300477166,1,0
7550,-0.5117542245259954,1,0
7551,-0.9166624986850586,1,0
7552,-0.9447244492030743,1,0
7553,-0.687958192119903,1,0
7554,-0.657530746056903,1,0
7555,-0.3746307278948313,1,0
7556,-1.1195434665892372,1,0
7557,-0.5804980361798495,1,0
7558,-0.9348968649548872,1,0
7559,-1.3800079405582393,0,0
7560,-0.5385744853723035,1,0
7561,-0.931740411908713,1,0
7562,-0.6365294301550306,1,0
7563,-1.177437395071984,1,0
7564,-0.7417524496297567,1,0
7565,-0.8094873884253451,1,0
7566,-0.826051758807092,1,0
7567,-0.3883759197776421,1,0
7568,-0.21600000354094206,0,0
7569,-1.125944453567282,1,0
7570,-0.8462382158619081,1,0
7571,-0.6380293133777748,1,0
7572,-1.0830374066390562,1,0
7573,-0.6171578319472765,1,0
7574,-1.046610427685074,1,0
7575,-1.3681626105935207,0,0
7576,-0.7434597729283621,1,0
7577,-0.863178663593131,1,0
7578,-1.0454717203554342,1,0
7579,-1.2499570292161506,1,0
7580,-0.8450875578593281,1,0
7581,-0.5339957547078639,1,0
7582,-0.5865886007399679,1,0
7583,-0.3098955555447369,0,0
7584,-0.7015362221208132,1,0
7585,-0.668858213527837,1,0
7586,-0.8623891814836582,1,0
7587,-0.7915380678358536,1,0
7588,-1.0103640366776494,1,0
7589,-0.699415494062211,1,0
7590,-0.623184216967565,1,0
7591,-0.4709813317210265,1,0
7592,-0.6149221708736746,1,0
7593,-0.6534056983464265,1,0
7594,-1.05903779968341,1,0
7595,-1.2172924466878288,1,0
7596,-0.5264575357918966,1,0
7597,-0.5655753341651609,1,0
7598,-1.1112814204953443,1,0
7599,-1.155428681703563,1,0
7600,-0.8358285895801038,1,0
7601,-0.7901680190844862,1,0
7602,-0.7186826345361774,1,0
7603,-0.49106480643376915,1,0
7604,-1.1819250940672876,1,0
7605,-1.0275238751576627,1,0
7606,-0.27276865075869794,0,0
7607,-0.8689453796706659,1,0
7608,-0.8605654497783305,1,0
7609,-0.339197720342746,1,0
7610,-1.0483685044588547,1,0
7611,-1.018239530140852,1,0
7612,-1.0473342548629998,1,0
7613,-0.6641123209814997,1,0
7614,-0.7893785369750134,1,0
7615,-0.6972813399389571,1,0
7616,-0.7628686985466371,1,0
7617,-0.9470377158811605,1,0
7618,-0.7727619377263711,1,0
7619,-0.6933368801750273,1,0
7620,-0.7666191442993575,1,0
7621,-1.3717966479395216,0,0
7622,-0.40398512155973565,1,0
7623,-0.742683716883541,1,0
7624,-0.73266211862415,1,0
7625,-1.1040133458033425,1,0
7626,-0.8704198861558238,1,0
7627,-1.011229648999884,1,0
7628,-1.0407780566759923,1,0
7629,0.04371379112082796,0,1
7630,-0.645595859814771,1,0
7631,-0.872916691563902,1,0
7632,-0.413139632105175,1,0
7633,-0.8384015252009436,1,0
7634,-0.48828443073707095,1,0
7635,-0.5881407128296073,1,0
7636,-0.8535316672914961,1,0
7637,-1.4975673003621655,0,0
7638,-0.9897373227335304,1,0
7639,-0.9503747568738868,1,0
7640,-0.9127956445256102,1,0
7641,-0.48305947849918984,1,0
7642,-0.45673170340908287,1,0
7643,-1.2873809303554613,1,0
7644,-0.23665209422264744,0,0
7645,-0.19585382468008672,0,0
7646,-0.782938747194728,1,0
7647,-0.951591069808011,1,0
7648,-1.1714110100516955,1,0
7649,-0.8919375891597636,1,0
7650,-1.474885513290991,0,0
7651,-1.245469330220847,1,0
7652,-1.0003290123536042,1,0
7653,-0.43384395165377565,1,0
7654,-1.1838130053124423,1,0
7655,-1.0672237155645414,1,0
7656,-0.8755672327892233,1,0
7657,-0.8387134230105925,1,0
7658,-1.0480968848431664,1,0
7659,-0.8079487024003601,1,0
7660,-0.7744036060934267,1,0
7661,-0.762340360771635,1,0
7662,-0.5479498620582529,1,0
7663,-1.4349782328082539,0,0
7664,-0.6099300354492354,1,0
7665,-0.8376388952207797,1,0
7666,-0.8781655451476494,1,0
7667,-0.7898829734041463,1,0
7668,-0.7452700785690353,1,0
7669,-0.8205432362805909,1,0
7670,-0.8755284299869825,1,0
7671,-1.2220249131695087,1,0
7672,-0.7142859672100099,1,0
7673,-0.5759461576447217,1,0
7674,-0.9257916324929061,1,0
7675,-1.5530688811706217,0,0
7676,-0.7122816475581328,1,0
7677,-1.1193748293156198,1,0
7678,-0.7635805750516284,1,0
7679,-1.0160919499529437,1,0
7680,-1.1217283741876694,1,0
7681,-0.8613295551502143,1,0
7682,-0.16284001693159522,0,0
7683,-0.11982998766129904,0,0
7684,-0.7739902013334299,1,0
7685,-1.0435718584373448,1,0
7686,-1.0583393492430704,1,0
7687,-0.7901157902175909,1,0
7688,-0.8947179648564646,1,0
7689,-1.066770032610584,1,0
7690,-0.8130826229691052,1,0
7691,-1.1747868538466655,1,0
7692,-0.6479613553597496,1,0
7693,-1.318790397147418,1,0
7694,-0.9628797344767043,1,0
7695,-0.7661669367371199,1,0
7696,-0.763128367489388,1,0
7697,-0.9492240988713097,1,0
7698,-1.2345552675099125,1,0
7699,-0.9636811672591117,1,0
7700,-0.8562224867107782,1,0
7701,-0.7245015794806076,1,0
7702,-0.9672375990006282,1,0
7703,-1.195476271938889,1,0
7704,-1.0229973733601212,1,0
7705,-0.31641295092950383,0,0
7706,-1.0305758704700492,1,0
7707,-0.7516964422846689,1,0
7708,-0.6919414546860708,1,0
7709,-0.9110375677518295,1,0
7710,-1.0269030303218074,1,0
7711,-0.6325864457828206,1,0
7712,-0.6347071738414228,1,0
7713,-0.6925742501948606,1,0
7714,-0.6372413066600219,1,0
7715,-0.9017009938681236,1,0
7716,-0.816534596976834,1,0
7717,-0.5674632454103129,1,0
7718,-0.9153954322757563,1,0
7719,-1.2841349210318709,1,0
7720,-0.6677851611297414,1,0
7721,-0.6199516337086292,1,0
7722,-1.1891275138277395,1,0
7723,-0.600580035500875,1,0
7724,-0.7182826558408323,1,0
7725,-0.9464690999122005,1,0
7726,-0.9880180487619905,1,0
7727,-0.7017033840027109,1,0
7728,-1.118922621753382,1,0
7729,-0.7992314979607867,1,0
7730,-1.17593751184924,1,0
7731,-0.892856905740616,1,0
7732,-1.214537447728714,1,0
7733,-0.6479225525575089,1,0
7734,-1.2407890926060623,1,0
7735,-1.1724452596475503,1,0
7736,-0.2444111792791276,0,0
7737,-1.009690962974899,1,0
7738,-0.7494727318839961,1,0
7739,-0.9626976711384322,1,0
7740,-0.5086514757384364,1,0
7741,-0.8470008458420747,1,0
7742,-0.8633204487374396,1,0
7743,-0.952780530612829,1,0
7744,-0.4775643820373432,1,0
7745,-0.4973628110697459,1,0
7746,-1.0449553332533668,1,0
7747,0.06287794925272094,0,1
7748,-1.306143634400292,1,0
7749,-0.9871002075728608,1,0
7750,-0.7753617254765199,1,0
7751,-0.6413395022411922,1,0
7752,-0.7142605904724209,1,0
7753,-1.2071410139570582,1,0
7754,-1.1650234491383054,1,0
7755,-1.114448348822733,1,0
7756,-0.7859385136402164,1,0
7757,-1.6741966233890015,0,0
7758,-0.5249188497669088,1,0
7759,-0.26770038512149985,0,0
7760,-0.4447177361707494,1,0
7761,-0.5457515283951692,1,0
7762,-0.45949865304112936,1,0
7763,-0.7985479489768244,1,0
7764,-0.9157192807583397,1,0
7765,-1.056399209131023,1,0
7766,-0.7613180618487175,1,0
7767,-0.6352116102705557,1,0
7768,-0.7599345870326957,1,0
7769,-0.8604893195655661,1,0
7770,-0.48536079450434144,1,0
7771,-1.2696510005147625,1,0
7772,-0.4299621960379557,1,0
7773,-0.6674105591719881,1,0
7774,-0.5183626515799011,1,0
7775,-0.5582042771310886,1,0
7776,-0.5261993422408656,1,0
7777,-1.0347919498496672,1,0
7778,-1.0097297657771398,1,0
7779,-0.5871840688382368,1,0
7780,-0.6954710342982839,1,0
7781,-0.7588734853075318,1,0
7782,-0.7538186457349882,1,0
7783,-0.7625343747828417,1,0
7784,-0.888264749011522,1,0
7785,-0.7389198450661633,1,0
7786,-0.4517529940493037,1,0
7787,-0.9165983191452287,1,0
7788,-0.860928101063152,1,0
7789,-0.7630761386224927,1,0
7790,-0.7741707892799793,1,0
7791,-0.4135276601275828,1,0
7792,-0.7212824222863234,1,0
7793,-0.7641626170852428,1,0
7794,-0.7996478535042262,1,0
7795,-0.8648591347624274,1,0
7796,-1.083489614201294,1,0
7797,-0.7128636895917473,1,0
7798,-0.5130347169999494,1,0
7799,-0.7287176588602201,1,0
7800,-1.419345129680294,0,0
7801,-0.21318082504200309,0,0
7802,-1.1767911734985426,1,0
7803,-1.1024090048468076,1,0
7804,-0.8738987122928615,1,0
7805,-0.8710541570563335,1,0
7806,-0.632728230927132,1,0
7807,-0.7301145597408965,1,0
7808,-1.364245002958897,0,0
7809,-1.1151975527382478,1,0
7810,-1.1031074552871472,1,0
7811,-0.5812740922246706,1,0
7812,-0.739579492704262,1,0
7813,-1.0711666999367515,1,0
7814,-0.7592629887216651,1,0
7815,-0.19137955174943766,0,0
7816,-0.2868899199909819,0,0
7817,-0.5747432707752492,1,0
7818,-0.7209973766059835,1,0
7819,-0.5290185207398046,1,0
7820,-0.8792788757397058,1,0
7821,-0.8095008144899996,1,0
7822,-1.1337289153613512,1,0
7823,-0.6734354688005567,1,0
7824,-0.6629870397165116,1,0
7825,-0.8746225394707846,1,0
7826,-0.6148177131398841,1,0
7827,-0.8106902752948147,1,0
7828,-0.9805440093858531,1,0
7829,-0.9047276124429238,1,0
7830,-1.3133848569629847,1,0
7831,-0.6601812872822271,1,0
7832,-0.7029584997390759,1,0
7833,-0.6873373472840477,1,0
7834,-1.1163362600678877,1,0
7835,-0.9432887455201572,1,0
7836,-0.8284829092836232,1,0
7837,-0.6268570571158066,1,0
7838,-0.8420355625469472,1,0
7839,-0.5397907983064276,1,0
7840,-0.8293111941953368,1,0
7841,-0.939099518269848,1,0
7842,-0.25705794202625365,0,0
7843,-1.4485965410031276,0,0
7844,-0.6939189222086445,1,0
7845,-0.7132770943517414,1,0
7846,-0.936719121268495,1,0
7847,-1.1662785648746703,1,0
7848,-0.8186433743625043,1,0
7849,-1.055933575504131,1,0
7850,-1.018121646342407,1,0
7851,-1.0583901027182456,1,0
7852,-0.7126054960407108,1,0
7853,-1.1612476266479932,1,0
7854,-0.6577367107410442,1,0
7855,-0.7358424730161905,1,0
7856,-1.0501280566243554,1,0
7857,-0.46847257564001377,1,0
7858,-1.2423531553686336,1,0
7859,-0.5678766501703125,1,0
7860,-1.2083185240889416,1,0
7861,-0.7152948400682729,1,0
7862,-0.48272367934367455,1,0
7863,-0.1999266435236735,0,0
7864,-1.153449738789275,1,0
7865,-1.1440743621033227,1,0
7866,-0.567579653817038,1,0
7867,-1.0808913018428679,1,0
7868,-0.8318975558808284,1,0
7869,-0.3008186506037819,0,0
7870,-1.668364252379917,0,0
7871,-0.9730177411428176,1,0
7872,-0.8440786850010651,1,0
7873,-1.036524649885856,1,0
7874,-1.0083865691550786,1,0
7875,-1.013171264503654,1,0
7876,-0.9155894462869629,1,0
7877,-1.2127927970195906,1,0
7878,-0.9029949124067294,1,0
7879,-0.5369447676781797,1,0
7880,-0.925197639786357,1,0
7881,-1.0361097697341393,1,0
7882,-0.8200268491785262,1,0
7883,-1.1979208484800745,1,0
7884,-1.0812927559299301,1,0
7885,-0.07489324434360456,0,0
7886,-0.5091559121675721,1,0
7887,-0.18253398823021016,0,0
7888,-0.9816946673884275,1,0
7889,-0.8389313383676655,1,0
7890,-1.0046346480106356,1,0
7891,-0.898028153719882,1,0
7892,-0.8294141765374075,1,0
7893,-0.897459537750922,1,0
7894,-0.8088277407872491,1,0
7895,-1.017527653635858,1,0
7896,-0.4863562412979555,1,0
7897,-0.7992195472878549,1,0
7898,-1.11845698812649,1,0
7899,-0.6230036290210128,1,0
7900,-0.8031893837893711,1,0
7901,-0.7523948927250057,1,0
7902,-0.47782257558837693,1,0
7903,-0.9772591972600192,1,0
7904,-0.7481280598702178,1,0
7905,-0.7136397456365656,1,0
7906,-0.9690225279037151,1,0
7907,-0.9453438186472124,1,0
7908,-1.206494792383614,1,0
7909,-0.4908051374910183,1,0
7910,-0.9969412178857023,1,0
7911,-0.9996559386508508,1,0
7912,-1.0712831083434737,1,0
7913,-1.203856201831227,1,0
7914,-0.4140052444274095,1,0
7915,-0.708208828714546,1,0
7916,-0.2068320669308482,0,0
7917,-0.7735126170336032,1,0
7918,-0.9765995496219232,1,0
7919,-0.7451268180330067,1,0
7920,-0.7777928759530484,1,0
7921,-0.9810872486172267,1,0
7922,-1.10812496744917,1,0
7923,-1.0092387554126585,1,0
7924,-0.9103779201137335,1,0
7925,-1.5155031948870024,0,0
7926,-0.4940899496168466,1,0
7927,-0.702170493021323,1,0
7928,-0.12709658696158088,0,0
7929,-0.8631010579886494,1,0
7930,-1.0127563843519372,1,0
7931,-0.7203377289678875,1,0
7932,-0.7987539136609628,1,0
7933,-0.9944966413445194,1,0
7934,-0.8512557280239308,1,0
7935,-0.6421289843506678,1,0
7936,-0.372315985825028,1,0
7937,-0.4717961905680884,1,0
7938,-0.5843648903392978,1,0
7939,-1.3717697958102126,0,0
7940,-0.7886935125993283,1,0
7941,-1.2246754543948302,1,0
7942,-0.7866115873429669,1,0
7943,-1.111823184334998,1,0
7944,-0.6389620560232789,1,0
7945,-0.7274386417779888,1,0
7946,-0.8705228684978944,1,0
7947,-0.22180699781243762,0,0
7948,-0.8818249592312366,1,0
7949,-0.6196412112907002,1,0
7950,-0.7586152917564981,1,0
7951,-0.5700242303582209,1,0
7952,-0.9267870792865174,1,0
7953,-1.0336920453222627,1,0
7954,-1.279466634090018,1,0
7955,-0.46182682117558715,1,0
7956,-0.761304635784063,1,0
7957,-0.40901458439469296,1,0
7958,-0.9836601842380638,1,0
7959,-0.9758622963793456,1,0
7960,-1.1596044828892178,1,0
7961,-0.9248872173684308,1,0
7962,-0.6655092218621761,1,0
7963,-1.2557491220312715,1,0
7964,-0.9084377800016863,1,0
7965,-1.011190846197643,1,0
7966,-0.8386597187519773,1,0
7967,-0.6256810223756432,1,0
7968,-0.665730088002689,1,0
7969,-1.2406458320700309,1,0
7970,-1.092969448621031,1,0
7971,-0.8455009626193277,1,0
7972,-0.43556322562531,1,0
7973,-0.6344221281610829,1,0
7974,-0.24698411489996464,0,0
7975,-0.3852075160585333,1,0
7976,-0.8740270713725184,1,0
7977,-0.7165231036753344,1,0
7978,-0.8705497206272006,1,0
7979,-0.9004727302610677,1,0
7980,-0.5670886434525596,1,0
7981,-1.4403330195175146,0,0
7982,-0.8522511748175421,1,0
7983,-0.5759461576447217,1,0
7984,-0.7529381319563794,1,0
7985,-0.8768731020007636,1,0
7986,-0.9179176144214235,1,0
7987,-0.752200878713799,1,0
7988,-0.8526914317068479,1,0
7989,-0.33728443236000216,1,0
7990,-1.0471014380495554,1,0
7991,-0.522875727312791,1,0
7992,-0.7949258623037581,1,0
7993,-0.6469390564368321,1,0
7994,-0.9189384379526239,1,0
7995,-0.4344379443603219,1,0
7996,-0.7825641452369719,1,0
7997,-0.5794249837817567,1,0
7998,-0.25771758966434966,0,0
7999,-0.4818043627628249,1,0
8000,-1.1466741498534716,1,0
8001,-0.7176618110049743,1,0
8002,-0.9181623819078027,1,0
8003,-1.0499474686778032,1,0
8004,-1.0042600460528766,1,0
8005,-1.0569170716248077,1,0
8006,-1.0586109688587586,1,0
8007,-0.940882971781215,1,0
8008,-1.016208358359666,1,0
8009,-0.6625736349565148,1,0
8010,-0.9419828763086169,1,0
8011,-0.9149044219112779,1,0
8012,-0.565666365834297,1,0
8013,-0.9418530418372401,1,0
8014,-0.7482832710791809,1,0
8015,-0.6492537985066382,1,0
8016,-1.060667517377531,1,0
8017,-1.1765717827497495,1,0
8018,-0.8684543693061875,1,0
8019,-0.9598277391643179,1,0
8020,-1.1146169860963506,1,0
8021,-0.6877119492418038,1,0
8022,-0.8555106102057869,1,0
8023,-0.7388049120511608,1,0
8024,-0.9199726875484759,1,0
8025,-0.6293270103945786,1,0
8026,-0.7243463682716417,1,0
8027,-0.9452288856322072,1,0
8028,-0.5766699848226475,1,0
8029,-0.7074461987343794,1,0
8030,-0.7203765317701283,1,0
8031,-1.0022557264009997,1,0
8032,-0.8203760743986932,1,0
8033,-0.7730335573420594,1,0
8034,-0.5347076312128551,1,0
8035,-0.6959112911875898,1,0
8036,-1.041722749994431,1,0
8037,-1.0485759445347158,1,0
8038,-0.5661051473318801,1,0
8039,-0.5439412227544932,1,0
8040,-1.2556461396892011,1,0
8041,-1.0735082941358636,1,0
8042,-0.9447110231384198,1,0
8043,-1.0150323236195025,1,0
8044,-1.0718517243124337,1,0
8045,-0.34201689884168496,1,0
8046,-0.5960162062928098,1,0
8047,-0.5567431967105851,1,0
8048,-1.1027328533293912,1,0
8049,-0.7702531816453584,1,0
8050,-0.6436034908358257,1,0
8051,-0.533867395628207,1,0
8052,-0.968219619729585,1,0
8053,-0.5738508063237058,1,0
8054,-1.1211985610209474,1,0
8055,-0.8741181030416545,1,0
8056,-1.1709453764248061,1,0
8057,-0.6010202923901781,1,0
8058,-0.6971783575968865,1,0
8059,-0.5898211839989065,1,0
8060,-1.0168560553248274,1,0
8061,-0.8846575637948301,1,0
8062,-1.0669774726864423,1,0
8063,-0.6921608454348638,1,0
8064,-0.45413191565893685,1,0
8065,-0.8790968124014337,1,0
8066,-1.1608595986255854,1,0
8067,-0.9120330145454436,1,0
8068,-1.0370410369879206,1,0
8069,-1.0390707333773896,1,0
8070,-1.2439440702605138,1,0
8071,-0.9462497091634076,1,0
8072,-0.5578296751733325,1,0
8073,-0.8026073417557539,1,0
8074,-0.4008943234451112,1,0
8075,-0.8947821443962944,1,0
8076,-0.5733597959592274,1,0
8077,-0.4342558810220526,1,0
8078,-0.3173054153810473,0,0
8079,-1.588682476669262,0,0
8080,-0.44972329765983754,1,0
8081,-0.74242552333251,1,0
8082,-0.7965809567354681,1,0
8083,-0.9228694716518965,1,0
8084,-0.7358947018830858,1,0
8085,-0.5988085326624426,1,0
8086,-1.5075500958193127,0,0
8087,-0.6468360740947615,1,0
8088,-0.9730953467473019,1,0
8089,-1.08996968217554,1,0
8090,-0.864121881519847,1,0
8091,-0.6417409563282572,1,0
8092,-0.7045613653038907,1,0
8093,-0.9390472894029528,1,0
8094,-0.7491100805991746,1,0
8095,-0.7394630842975369,1,0
8096,-0.6002442363453597,1,0
8097,-1.0014408675539377,1,0
8098,-0.9560907194762491,1,0
8099,-0.9306807855752719,1,0
8100,-0.890606343210637,1,0
8101,-1.0397438070801401,1,0
8102,-1.1823131220896954,1,0
8103,-0.7410539991894199,1,0
8104,-0.8716227730252935,1,0
8105,-0.7495115346862397,1,0
8106,-1.3604677050768677,0,0
8107,-1.393106910867603,0,0
8108,-0.9848242683052955,1,0
8109,-0.8972267209374746,1,0
8110,-0.7013019299156459,1,0
8111,-0.8015223386847264,1,0
8112,-0.8186299482978499,1,0
8113,-1.0734560652689684,1,0
8114,-0.9008353815458892,1,0
8115,-1.178562676336972,1,0
8116,-0.6352369870081448,1,0
8117,-1.1092114459119173,1,0
8118,-1.1861143213175969,1,0
8119,-1.2699614229326945,1,0
8120,-0.8316259362651429,1,0
8121,-0.55052279767909,1,0
8122,-0.9159252454424782,1,0
8123,-0.9968248094789772,1,0
8124,-0.9146328022955924,1,0
8125,-0.588243695171678,1,0
8126,-1.1650607765488263,1,0
8127,-0.8774029151674828,1,0
8128,-0.6124253654655937,1,0
8129,-0.877920777661273,1,0
8130,-0.8479455391605134,1,0
8131,-0.410644302088814,1,0
8132,-0.746253574689712,1,0
8133,-0.7737320077823961,1,0
8134,-1.1385136107099263,1,0
8135,-0.9004070753295179,1,0
8136,-1.2013862485524551,1,0
8137,-1.074373906458101,1,0
8138,-0.7524083187896602,1,0
8139,-0.7033465277614864,1,0
8140,-1.0236450703252853,1,0
8141,-0.8211640811164461,1,0
8142,-0.5875198679937521,1,0
8143,-1.0571752651758415,1,0
8144,-0.8414400944486755,1,0
8145,-0.7257820719545588,1,0
8146,-1.099228650454767,1,0
8147,-0.7202093698882306,1,0
8148,-0.9730177411428176,1,0
8149,-1.0931380858946516,1,0
8150,-0.783598394832824,1,0
8151,-0.6785962414986108,1,0
8152,-1.023464482378733,1,0
8153,-0.9296331099147653,1,0
8154,-0.7716112797237967,1,0
8155,-0.8158629986658034,1,0
8156,-0.9388010465248564,1,0
8157,-0.8553419729321665,1,0
8158,-0.5203803972964327,1,0
8159,-0.8095649940298266,1,0
8160,-0.8747120957482007,1,0
8161,-1.2523105740881975,1,0
8162,-0.6680687314183642,1,0
8163,-0.8353883326908007,1,0
8164,-0.5777057098102167,1,0
8165,-1.1671829799991484,1,0
8166,-1.297466708154682,1,0
8167,-0.7451790468998992,1,0
8168,-0.4140455226213702,1,0
8169,-0.9988037523932708,1,0
8170,-0.956284733487453,1,0
8171,-0.6538579059086613,1,0
8172,-0.9854063103389099,1,0
8173,-0.7937364014989373,1,0
8174,-0.42243740318664014,1,0
8175,-0.8965804993640331,1,0
8176,-0.5039324353214081,1,0
8177,-0.8525735479084029,1,0
8178,-0.9937728141665936,1,0
8179,-0.7222778690799347,1,0
8180,-0.8835457085944964,1,0
8181,-0.5658723305184327,1,0
8182,-1.1540049286935805,1,0
8183,-0.7011616201630572,1,0
8184,-0.7113518556960657,1,0
8185,-0.48388776341090345,1,0
8186,-0.8910839275104637,1,0
8187,-0.999993213198086,1,0
8188,-0.5221250480055589,1,0
8189,-0.6894192725404091,1,0
8190,-0.5394803758884986,1,0
8191,-0.9865957711437279,1,0
8192,-0.970716425137666,1,0
8193,-0.38237638688665976,1,0
8194,-0.7543738356392965,1,0
8195,-0.8924420255888993,1,0
8196,-0.996112932973986,1,0
8197,-0.7759945209853097,1,0
8198,-0.6899102829048875,1,0
8199,-0.5165135431369872,1,0
8200,-0.8517213616508201,1,0
8201,-0.6749487780879554,1,0
8202,-0.8910839275104637,1,0
8203,-0.5175089899305985,1,0
8204,-0.8264397868295026,1,0
8205,-1.0247688761985536,1,0
8206,-1.0342084324243301,1,0
8207,-1.0209154481037597,1,0
8208,-0.9359176884860848,1,0
8209,-0.9601501122551787,1,0
8210,-1.2818709324372373,1,0
8211,-0.9028770286082871,1,0
8212,-0.5200177460116112,1,0
8213,-0.9475555783749479,1,0
8214,-0.9024128703731149,1,0
8215,-0.29607275805744737,0,0
8216,-0.7724515153084421,1,0
8217,-0.8799892768529771,1,0
8218,-0.9309389791263056,1,0
8219,-0.896774513375237,1,0
8220,-0.7494339290817553,1,0
8221,-0.6070854802127101,1,0
8222,-0.32701659122250926,1,0
8223,-0.8032162359186773,1,0
8224,-0.5725329864392309,1,0
8225,-1.0274328434885294,1,0
8226,-0.7096311063328087,1,0
8227,-0.9018696311417412,1,0
8228,-0.9668883737804584,1,0
8229,-1.2798666127853604,1,0
8230,-1.141940207980069,1,0
8231,-1.0473596316005889,1,0
8232,-0.7579034152515068,1,0
8233,-0.9486166801001089,1,0
8234,-1.1830891781345165,1,0
8235,-0.7317039992410596,1,0
8236,-1.0022945292032404,1,0
8237,-1.0266179846414674,1,0
8238,-0.8199358175093902,1,0
8239,-0.4879874343837992,1,0
8240,-0.4868741037917429,1,0
8241,-0.626313817884433,1,0
8242,-0.8256517801117497,1,0
8243,-0.7007213632737513,1,0
8244,-0.6724534480715971,1,0
8245,-0.44713693597434323,1,0
8246,-0.7390243027999538,1,0
8247,-0.5231204947991702,1,0
8248,-0.8999041142921049,1,0
8249,-0.9850436590540856,1,0
8250,-0.5334539908682101,1,0
8251,-0.7774824535351194,1,0
8252,-1.0330070209465774,1,0
8253,-0.865027772036045,1,0
8254,-1.1229834899240343,1,0
8255,-0.9759145252462381,1,0
8256,-0.8232072035705668,1,0
8257,-0.8287425782263769,1,0
8258,-1.0658775681590404,1,0
8259,-0.8178926950552695,1,0
8260,-0.7004631697227204,1,0
8261,-0.3483283295423134,1,0
8262,-1.1255310488072878,1,0
8263,-0.874261363577683,1,0
8264,-0.515013659914243,1,0
8265,-0.784167010801784,1,0
8266,-0.9461318253649625,1,0
8267,-1.069020595140563,1,0
8268,-0.9613798512539573,1,0
8269,-0.6643436624032273,1,0
8270,-0.628913605634579,1,0
8271,-0.1265533477302072,0,0
8272,-0.7904008358979336,1,0
8273,-0.4440461378597188,1,0
8274,-0.8798728684462548,1,0
8275,-0.604990128891697,1,0
8276,-1.0403124230491,1,0
8277,-0.7621971002356037,1,0
8278,-0.5920851725935372,1,0
8279,-0.536117958158186,1,0
8280,-1.1009867272285452,1,0
8281,-0.5391042985390226,1,0
8282,-1.1783820883904228,1,0
8283,-0.884876954543623,1,0
8284,-1.3130744345450585,1,0
8285,-0.8707168825090983,1,0
8286,-0.8999682938319348,1,0
8287,-0.9187056211391764,1,0
8288,-0.821410323994548,1,0
8289,-0.7921842894093006,1,0
8290,-1.0225197890602944,1,0
8291,-0.8760582431537017,1,0
8292,-1.024406224913732,1,0
8293,-0.8499498588123905,1,0
8294,-1.444522246767821,0,0
8295,-0.6116239326831863,1,0
8296,-1.3379023264124186,1,0
8297,-0.7688443300917502,1,0
8298,-1.0144368555212335,1,0
8299,-0.899308646193836,1,0
8300,-0.686768731315085,1,0
8301,-0.739891390513911,1,0
8302,-1.2086020943775617,1,0
8303,-0.7743782293558404,1,0
8304,-1.3241959373318513,1,0
8305,-1.1730795305480601,1,0
8306,-0.506569550482075,1,0
8307,-0.7319248653815724,1,0
8308,-1.0970810702668587,1,0
8309,-0.8723466002032193,1,0
8310,-0.225776834313951,0,0
8311,-0.8408968552173018,1,0
8312,-0.5548940882676684,1,0
8313,-1.3906250069158994,0,0
8314,-0.7814776667742218,1,0
8315,-0.9623499213099823,1,0
8316,-0.978229267316047,1,0
8317,-0.8182807230776801,1,0
8318,-1.1919854951289195,1,0
8319,-1.0941335326882629,1,0
8320,-1.0198811985079077,1,0
8321,-1.0418645351387423,1,0
8322,-1.0933962794456853,1,0
8323,-0.8148153230052968,1,0
8324,-0.5768774248985031,1,0
8325,-0.5298975591266908,1,0
8326,-0.3385261220317154,1,0
8327,-0.75943015060356,1,0
8328,-1.1428595245609185,1,0
8329,-0.6623796209453109,1,0
8330,-0.6899878885093691,1,0
8331,-0.6478837497552681,1,0
8332,-0.7469505497383316,1,0
8333,-0.37093103561728347,1,0
8334,-1.506748663036908,0,0
8335,-0.3448748801428647,1,0
8336,-0.9092138360465046,1,0
8337,-0.6524490543550532,1,0
8338,-1.1181987945754561,1,0
8339,-0.691553426663663,1,0
8340,-1.0179410583958575,1,0
8341,-0.38154810197494615,1,0
8342,-1.0608346792594314,1,0
8343,-1.1611446443059252,1,0
8344,-0.4085743275053899,1,0
8345,-0.564979866066892,1,0
8346,-0.8558583600342368,1,0
8347,-0.8246548579264157,1,0
8348,-0.8865842778422284,1,0
8349,-0.8088665435894898,1,0
8350,-0.9700567774995672,1,0
8351,-0.6929876549548603,1,0
8352,-0.5338539695635552,1,0
8353,-0.7398391616470157,1,0
8354,-1.3065316624227026,1,0
8355,-1.3742397490889817,0,0
8356,-1.068956415600733,1,0
8357,-0.89054068827909,1,0
8358,-0.5732687642900913,1,0
8359,-0.7008123949428874,1,0
8360,-0.529910985191348,1,0
8361,-0.8383627223987056,1,0
8362,-1.006056925628898,1,0
8363,-0.5770460621721207,1,0
8364,-0.9985828862527579,1,0
8365,-0.5566402143685145,1,0
8366,-0.7479086691214221,1,0
8367,-1.2502674516340795,1,0
8368,-0.8677693449305024,1,0
8369,-0.7255238784035278,1,0
8370,-0.7726321032549943,1,0
8371,-0.7139889708567354,1,0
8372,-0.4302218649807066,1,0
8373,-1.0271612238728411,1,0
8374,-0.6711595295329914,1,0
8375,-0.8626085722324484,1,0
8376,-0.3700400465574627,1,0
8377,-0.7346530122113754,1,0
8378,-0.7983405089009632,1,0
8379,-0.5639336657981026,1,0
8380,-0.47268865501963186,1,0
8381,-0.8592864326960964,1,0
8382,-0.7071492023811049,1,0
8383,-1.0034198104682286,1,0
8384,-0.8807653328977982,1,0
8385,-0.3207066359136007,0,0
8386,-0.45463635208806974,1,0
8387,-0.9798455589455163,1,0
8388,-1.1714498128539363,1,0
8389,-1.0779288628078976,1,0
8390,-0.5015386122554005,1,0
8391,-0.8599326542695407,1,0
8392,-1.232162919835622,1,0
8393,-1.1458712416793442,1,0
8394,-1.0762483916386012,1,0
8395,-1.169924552893603,1,0
8396,-0.9367071705955604,1,0
8397,-0.8404446476550642,1,0
8398,-1.1769329586428539,1,0
8399,-0.9241753408634368,1,0
8400,-0.9198697052064053,1,0
8401,-0.7041091577416531,1,0
8402,-0.29400278347401776,0,0
8403,-1.2502674516340795,1,0
8404,-0.546541010504642,1,0
8405,-0.37422927380776905,1,0
8406,-0.6976305651591269,1,0
8407,-0.7002691557115137,1,0
8408,-0.9300330886101077,1,0
8409,-0.484896636269172,1,0
8410,-0.8427205869226295,1,0
8411,-0.6456719900275298,1,0
8412,-1.0146174434677828,1,0
8413,-0.9846168282294371,1,0
8414,-0.5623815537084631,1,0
8415,-0.5072038213825875,1,0
8416,-0.8941493488875019,1,0
8417,-0.8303708205287752,1,0
8418,-1.1723810801077206,1,0
8419,-0.6030111859774062,1,0
8420,-0.632637199257996,1,0
8421,-0.9100286948935665,1,0
8422,-1.019027536858605,1,0
8423,-0.7105489475219384,1,0
8424,-0.9657630925154703,1,0
8425,-0.6890566212555849,1,0
8426,-0.5882690719092643,1,0
8427,-0.7244120232031914,1,0
8428,-0.6589530236751684,1,0
8429,-0.6781171818070614,1,0
8430,-1.439725600746311,0,0
8431,-0.748438482288144,1,0
8432,-0.8010298529285254,1,0
8433,-0.9359684419612602,1,0
8434,-0.6958590623206945,1,0
8435,-1.1151079964608317,1,0
8436,-0.8988176358293576,1,0
8437,-0.9378309764688314,1,0
8438,-0.6183487681438143,1,0
8439,-0.7376527786568665,1,0
8440,-0.7007855428135812,1,0
8441,-0.2865153180332286,0,0
8442,-0.7635283461847331,1,0
8443,-1.3212215476239493,1,0
8444,-0.7839476200529938,1,0
8445,-0.7276446064621273,1,0
8446,-0.562199490370191,1,0
8447,-0.7877622453455468,1,0
8448,-1.1010777588976812,1,0
8449,-0.9260901042379005,1,0
8450,-0.8809205441067641,1,0
8451,-1.130690346113619,1,0
8452,-0.9642885860303124,1,0
8453,-1.2460513722544615,1,0
8454,-1.0690340212052147,1,0
8455,-1.1651652342826169,1,0
8456,-0.6844151864430409,1,0
8457,-0.8838292788831165,1,0
8458,-0.8454233570148462,1,0
8459,-1.229939209434952,1,0
8460,-0.4471742633848641,1,0
8461,-0.924512615410672,1,0
8462,-0.8846575637948301,1,0
8463,-0.47667191758579974,1,0
8464,-0.7964391715911567,1,0
8465,-0.7816075012455986,1,0
8466,-1.1580538461912981,1,0
8467,-0.7743528526182514,1,0
8468,-1.196911975621806,1,0
8469,-0.629534450470437,1,0
8470,-0.8787222104436804,1,0
8471,-1.0086432873143898,1,0
8472,-0.41376047694103024,1,0
8473,-0.9252230165239433,1,0
8474,-0.8468336839601742,1,0
8475,-0.9122150778837157,1,0
8476,-0.8976923545643695,1,0
8477,-0.8350659595999371,1,0
8478,-1.0200632618461798,1,0
8479,-0.850596080385832,1,0
8480,-0.7641626170852428,1,0
8481,-0.9913550897547169,1,0
8482,-0.7029331230014896,1,0
8483,-0.6941129362198484,1,0
8484,-0.8211252783142053,1,0
8485,-0.5110692001503131,1,0
8486,-0.9669540287120082,1,0
8487,-1.0602392111611625,1,0
8488,-0.9535163084636866,1,0
8489,-1.1394075505531898,1,0
8490,-0.7672146123976292,1,0
8491,-0.6367234441662345,1,0
8492,-0.7730081806044703,1,0
8493,-0.6275808842937325,1,0
8494,-0.6894058464757546,1,0
8495,-1.4196167492959795,0,0
8496,-1.3100880941642217,1,0
8497,-0.9139851053304282,1,0
8498,-0.3214961180230763,0,0
8499,-0.7815298956411171,1,0
8500,-0.5437472087432893,1,0
8501,-0.48827100467241646,1,0
8502,-0.8249413789984783,1,0
8503,-0.7640074058762797,1,0
8504,-0.859958031007127,1,0
8505,-0.7315368373591591,1,0
8506,-1.0222347433799546,1,0
8507,-0.950271774531819,1,0
8508,-0.8238802772733145,1,0
8509,-1.3587096283030897,0,0
8510,-1.0905248720798482,1,0
8511,-0.7303727532919302,1,0
8512,-0.7259641352928309,1,0
8513,-0.8012104408750775,1,0
8514,-1.3739308020627754,0,0
8515,-0.19040948169341543,0,0
8516,-1.0204363884122132,1,0
8517,-0.4247521452564462,1,0
8518,-1.0657611597523153,1,0
8519,-0.65652187319864,1,0
8520,-0.523032413913474,1,0
8521,-0.5900808529416574,1,0
8522,-1.166109927601053,1,0
8523,-0.8081561424762185,1,0
8524,-0.9756563316952044,1,0
8525,-0.9929191525172909,1,0
8526,-1.0409332678849554,1,0
8527,-1.103714874058348,1,0
8528,-1.1931361531314966,1,0
8529,-1.2402190012453769,1,0
8530,-1.0610809221375306,1,0
8531,-0.5485184780272129,1,0
8532,-1.4354319157622142,0,0
8533,-0.887722985171871,1,0
8534,-0.9594785139441481,1,0
8535,-0.8050653443615913,1,0
8536,-0.8812309665246904,1,0
8537,-0.7495383868155459,1,0
8538,-0.7497443514996843,1,0
8539,-0.7043688266844067,1,0
8540,-1.39711555017136,0,0
8541,-0.7803658115738882,1,0
8542,-1.17199305208531,1,0
8543,-0.8352987764133846,1,0
8544,-0.8678335244703295,1,0
8545,-0.7057134986981878,1,0
8546,-0.7274893952531641,1,0
8547,-0.7958451788846077,1,0
8548,-0.9819916637417048,1,0
8549,-1.04425688281303,1,0
8550,-0.7800300124183729,1,0
8551,-0.9032262538284569,1,0
8552,-0.9969024150834588,1,0
8553,-0.7826805536436943,1,0
8554,-0.6119463057740471,1,0
8555,-0.9656078813065072,1,0
8556,-0.7012765531780624,1,0
8557,-0.6034648689313638,1,0
8558,-0.283593157192219,0,0
8559,-0.4829818728947083,1,0
8560,-0.8012372930043865,1,0
8561,-0.9800261468920657,1,0
8562,-0.5911404792750985,1,0
8563,-0.7026868801233904,1,0
8564,-0.8203238455317979,1,0
8565,-1.0910173578360494,1,0
8566,-0.8626608010993436,1,0
8567,-0.5162807263235397,1,0
8568,-0.7310577776676153,1,0
8569,-0.7180752157649739,1,0
8570,-1.0521338516679524,1,0
8571,-1.0043376516573583,1,0
8572,-0.4530588632608412,1,0
8573,-0.8875797246358397,1,0
8574,-0.8283411241393118,1,0
8575,-1.144850418148144,1,0
8576,-0.8160435866123555,1,0
8577,-0.9588576691082928,1,0
8578,-1.102577642120428,1,0
8579,-0.4680860230093231,1,0
8580,-0.6046155269339409,1,0
8581,-0.9797291505387912,1,0
8582,-0.45720928770891234,1,0
8583,-0.9006935964015805,1,0
8584,-0.8618727943815907,1,0
8585,-0.8636054944177823,1,0
8586,-0.3367143409993223,1,0
8587,-0.5836918166365473,1,0
8588,-1.1448892209503847,1,0
8589,-0.8488380036120541,1,0
8590,-1.3324848355550505,1,0
8591,-0.7487086265121123,1,0
8592,-0.6089733914578677,1,0
8593,-1.3084076229949226,1,0
8594,-0.9179176144214235,1,0
8595,-0.8211909332457551,1,0
8596,-0.6918116202146968,1,0
8597,-0.5377984293274823,1,0
8598,-0.6585903723903469,1,0
8599,-1.0935126878524049,1,0
8600,-0.32221846980928226,0,0
8601,-0.2434276831584481,0,0
8602,-0.8502080523634215,1,0
8603,-0.8095649940298266,1,0
8604,-1.3465150731182014,0,0
8605,-1.0104147901528222,1,0
8606,-0.7035136896433869,1,0
8607,-0.9551848289600512,1,0
8608,-0.5484796752249721,1,0
8609,-0.8697602385177278,1,0
8610,-0.758679471296328,1,0
8611,-0.9999021815289499,1,0
8612,-0.8809459208443476,1,0
8613,-1.2280766749273864,1,0
8614,-0.3502669942626463,1,0
8615,-0.7769004115015021,1,0
8616,-0.9958935422251958,1,0
8617,-0.731756228107952,1,0
8618,-1.3178979326958746,1,0
8619,-0.5843514642746434,1,0
8620,-0.7806508572542281,1,0
8621,-1.1979208484800745,1,0
8622,-0.46412961257246144,1,0
8623,-0.662315441405481,1,0
8624,-0.9265423118001381,1,0
8625,-0.7909306490646528,1,0
8626,-0.9339267948988622,1,0
8627,-0.41635878929945636,1,0
8628,-0.932050834326642,1,0
8629,-0.9478540501199423,1,0
8630,-1.2805650632257,1,0
8631,-0.5282678414325698,1,0
8632,-0.78174928638991,1,0
8633,-0.3404647867520455,1,0
8634,-0.3067913313654552,0,0
8635,-1.0439345097221664,1,0
8636,-0.5310616431939225,1,0
8637,-0.6635571310771943,1,0
8638,-0.9410381829901782,1,0
8639,-1.316877109164677,1,0
8640,-0.6931174894262371,1,0
8641,-0.7002035007799667,1,0
8642,-0.9776860280846705,1,0
8643,-0.5916956691794067,1,0
8644,-0.9365758607324637,1,0
8645,-0.42033010119269243,1,0
8646,-0.516358331928024,1,0
8647,-0.4471623127119295,1,0
8648,-0.7633477582381809,1,0
8649,-0.7375109935125551,1,0
8650,-0.9645602056459979,1,0
8651,-0.7324546785482916,1,0
8652,-1.0297998144252278,1,0
8653,-1.0057733553402755,1,0
8654,-1.048860990215053,1,0
8655,-0.8560523740454379,1,0
8656,-0.9430947315089533,1,0
8657,-1.0700802214740013,1,0
8658,-0.7645640711723051,1,0
8659,-0.9672629757382173,1,0
8660,-0.9499867288514763,1,0
8661,-0.7369811803458359,1,0
8662,-0.8397208204771384,1,0
8663,-1.3054451839599523,1,0
8664,-0.8968386929150668,1,0
8665,-0.8357390333026876,1,0
8666,-0.5844171192061903,1,0
8667,-0.9213949651667386,1,0
8668,-0.6579441508169026,1,0
8669,-0.8487738240722242,1,0
8670,-0.8333854884306408,1,0
8671,-0.5498511993680594,1,0
8672,-1.3628212499489145,0,0
8673,-1.0200364097168708,1,0
8674,-0.7416226151583827,1,0
8675,-0.7590943514480447,1,0
8676,-0.9369011846067643,1,0
8677,-1.0659163709612813,1,0
8678,-1.0926456001384532,1,0
8679,-0.7953392670637521,1,0
8680,-0.6280211411830383,1,0
8681,-1.0379335014394642,1,0
8682,-0.3935874459508687,1,0
8683,-0.6359608141860679,1,0
8684,-0.8402386829709257,1,0
8685,-0.9022830359017381,1,0
8686,-0.7514636254712215,1,0
8687,-0.7736797789155009,1,0
8688,-0.8133154397825526,1,0
8689,-0.7568691656556548,1,0
8690,-0.5200819255514383,1,0
8691,-0.5240010085777819,1,0
8692,-0.9075587416147946,1,0
8693,-0.9997469703199868,1,0
8694,-0.4317217482034508,1,0
8695,-0.8321691754965166,1,0
8696,-1.0234883837245996,1,0
8697,-1.0265926079038812,1,0
8698,-0.9986351151196532,1,0
8699,-0.8216550914809245,1,0
8700,-0.6191487255345018,1,0
8701,-1.2030413429841653,1,0
8702,-0.7951855312465117,1,0
8703,-1.2967548316496909,1,0
8704,-0.5289931440022155,1,0
8705,-0.8925584339956244,1,0
8706,-0.8444667130234729,1,0
8707,-0.7359588814229157,1,0
8708,-0.7590674993187385,1,0
8709,-0.9038859014665529,1,0
8710,-1.1453026257103844,1,0
8711,-0.7789435339556255,1,0
8712,-0.9484480428264885,1,0
8713,-1.1553510760990815,1,0
8714,-0.6871687100104301,1,0
8715,-0.5666230098256647,1,0
8716,-0.8616131254388371,1,0
8717,-0.7268163215504136,1,0
8718,-0.9784755101941434,1,0
8719,0.1626297736114668,0,1
8720,-0.8754120215802602,1,0
8721,-0.8168838221970037,1,0
8722,-1.260405458300193,1,0
8723,-0.7544126384415373,1,0
8724,-0.7230539251247559,1,0
8725,-0.48466381945572456,1,0
8726,-0.8834681029900149,1,0
8727,-1.1428460984962667,1,0
8728,-0.9676256270230388,1,0
8729,-1.044165851143894,1,0
8730,-0.8882005694716977,1,0
8731,-0.5710196771518322,1,0
8732,-0.8260010053319167,1,0
8733,-0.8859634330063731,1,0
8734,-0.7466535533850571,1,0
8735,-0.6642809582551201,1,0
8736,-0.6305164711993938,1,0
8737,-0.9168833648255714,1,0
8738,-0.6992214800510071,1,0
8739,-0.9312105987419939,1,0
8740,-0.7085580539347158,1,0
8741,-0.9067319320948009,1,0
8742,-0.6246975262549637,1,0
8743,-0.9082049631882388,1,0
8744,-0.593623858618525,1,0
8745,-1.1552854211675345,1,0
8746,-0.9918446247274754,1,0
8747,-0.6953546258915616,1,0
8748,-1.020346832134797,1,0
8749,-0.9802858158348193,1,0
8750,-0.8468590606977633,1,0
8751,-0.5786743044745246,1,0
8752,-1.2508614443406256,1,0
8753,-1.0717875447726066,1,0
8754,-0.7267909448128246,1,0
8755,-0.941168017461555,1,0
8756,-1.415026067958608,0,0
8757,-0.7300742815469358,1,0
8758,-1.0679475427424672,1,0
8759,-1.0919217729605273,1,0
8760,-1.3698953106297096,0,0
8761,-1.1385658395768217,1,0
8762,-0.9343013968566211,1,0
8763,-1.2190251467240176,1,0
8764,-1.02775669197111,1,0
8765,-0.9685434682121685,1,0
8766,-0.5685616745459976,1,0
8767,-0.7940736760461753,1,0
8768,-0.7219808727266602,1,0
8769,-0.7703964421813897,1,0
8770,-1.285194547365312,1,0
8771,-0.947710789583911,1,0
8772,-1.1795327463929999,1,0
8773,-0.9718924598778267,1,0
8774,-1.1003017028528599,1,0
8775,-1.1050595460721317,1,0
8776,-1.2898494082425105,1,0
8777,-1.1525960771399724,1,0
8778,-0.36643138594904534,1,0
8779,-0.4888410960331019,1,0
8780,-0.8664246729167213,1,0
8781,-0.6078346841282223,1,0
8782,-1.2732581857314573,1,0
8783,-0.9764055356107193,1,0
8784,-1.1625266437302273,1,0
8785,-1.1643891782377958,1,0
8786,-0.8333452102366801,1,0
8787,-0.7388556655263362,1,0
8788,-0.996423355391915,1,0
8789,-0.6279181588409677,1,0
8790,-0.8858082217974073,1,0
8791,-0.8692826542179011,1,0
8792,-0.5625621416550153,1,0
8793,-0.506245701999497,1,0
8794,-0.6873239212193932,1,0
8795,-0.9093048677156407,1,0
8796,-1.300002316365001,1,0
8797,-0.8275262652922499,1,0
8798,-1.5301930800882464,0,0
8799,-0.6159176176672831,1,0
8800,-0.7665549647595332,1,0
8801,-0.44398048292816905,1,0
8802,-0.7281356168266057,1,0
8803,-0.33145206135091754,1,0
8804,-0.39724686003445586,1,0
8805,-0.4312173117743179,1,0
8806,-0.7054926325576749,1,0
8807,-1.3958619098267149,0,0
8808,-0.9868285879571753,1,0
8809,-1.4235597336681893,0,0
8810,-0.8389835672345608,1,0
8811,-0.842642981318148,1,0
8812,-0.31589656382743914,0,0
8813,-0.8768596759361091,1,0
8814,-0.8617175831726276,1,0
8815,-0.9738594521191857,1,0
8816,-0.8369284941075084,1,0
8817,-0.7719097514687884,1,0
8818,-0.7173379625223963,1,0
8819,-0.5979802477507262,1,0
8820,-1.1855830327591548,1,0
8821,-0.8278366877101789,1,0
8822,-0.8595326755741983,1,0
8823,-0.5718852894740695,1,0
8824,-0.7508427806353662,1,0
8825,-0.8450233783195038,1,0
8826,-0.7103295567731455,1,0
8827,-0.9294390959035587,1,0
8828,-0.9200890959551983,1,0
8829,-0.7997627865192258,1,0
8830,-1.3331176310638404,1,0
8831,-0.7797061639357922,1,0
8832,-0.7964391715911567,1,0
8833,-1.0550411110525877,1,0
8834,-0.9887687280692226,1,0
8835,-0.7314070028877823,1,0
8836,-0.9702761682483629,1,0
8837,-0.6218917738206792,1,0
8838,-0.05933627142840625,0,0
8839,-0.6772381434201724,1,0
8840,-1.3683700506693763,0,0
8841,-0.8273203006081142,1,0
8842,-0.6170414235405514,1,0
8843,-1.0355023509629384,1,0
8844,-0.964081145954454,1,0
8845,-0.8009522473240466,1,0
8846,-0.7384944896332346,1,0
8847,-0.7534291423208578,1,0
8848,-1.4466564008910776,0,0
8849,-0.8867648657887778,1,0
8850,-0.6481941721731971,1,0
8851,-0.8253413576938207,1,0
8852,-0.4511321492134457,1,0
8853,-0.904067964804825,1,0
8854,-0.9766249263595123,1,0
8855,-0.8891184106608246,1,0
8856,-0.6648495742240801,1,0
8857,-1.096667665506862,1,0
8858,-1.1768941558406132,1,0
8859,-0.8671619261592989,1,0
8860,-1.0724606184753571,1,0
8861,-1.149893307047753,1,0
8862,-1.078007943804102,1,0
8863,-1.0180067133274073,1,0
8864,-0.4165154759001394,1,0
8865,-0.4408120792090603,1,0
8866,-0.6855658444456153,1,0
8867,-1.0250792986164825,1,0
8868,-0.9763921095460648,1,0
8869,-0.9116972153899311,1,0
8870,-0.9277317726049561,1,0
8871,-0.989092576551806,1,0
8872,-0.519487932844892,1,0
8873,-0.6175607614260614,1,0
8874,-0.5689377518954708,1,0
8875,-0.8960372601326594,1,0
8876,-0.3010768441548156,0,0
8877,-0.4051999591021427,1,0
8878,-0.5519838780995934,1,0
8879,-0.8473500710622417,1,0
8880,-0.8335660763771929,1,0
8881,-0.5168627683571542,1,0
8882,-0.5907016977775154,1,0
8883,-0.7420494459830312,1,0
8884,-0.7276699831997163,1,0
8885,-0.8697080096508325,1,0
8886,-1.115043816921002,1,0
8887,-0.8484245988520572,1,0
8888,-0.9878628375530274,1,0
8889,-0.7149724669774149,1,0
8890,-1.0405855180565082,1,0
8891,-0.7552274972885992,1,0
8892,-0.6862628194942322,1,0
8893,-0.44774435474554675,1,0
8894,-0.9444140267851481,1,0
8895,-0.6415857451192941,1,0
8896,-0.4398300584801007,1,0
8897,-0.3434391764599476,1,0
8898,-0.7591704816608091,1,0
8899,-1.260871091927085,1,0
8900,-1.045886600507151,1,0
8901,-1.2142270253107879,1,0
8902,-0.7610076394307885,1,0
8903,-0.6551249723179636,1,0
8904,-1.5140809172687368,0,0
8905,-1.0926470755301732,1,0
8906,-0.7908903708706921,1,0
8907,-0.8085695472362153,1,0
8908,-0.7910470574713752,1,0
8909,-0.8955328237035265,1,0
8910,-0.9497151092357908,1,0
8911,-0.8919122124221801,1,0
8912,-0.9418664679018918,1,0
8913,-0.7788525022864895,1,0
8914,-0.8985579668866012,1,0
8915,-0.45232161001826365,1,0
8916,-1.0460671884537032,1,0
8917,-1.1329274825789437,1,0
8918,-0.7775346824020146,1,0
8919,-1.5594056886088392,0,0
8920,-0.9152909745419685,1,0
8921,-1.0398602154868626,1,0
8922,-0.6993125117201432,1,0
8923,-0.4666622699993406,1,0
8924,-1.1451996433683136,1,0
8925,-0.8245772523219341,1,0
8926,-0.9613918019268919,1,0
8927,-0.8563239936611261,1,0
8928,-0.5114960309749644,1,0
8929,-0.6888760333090355,1,0
8930,-1.0612749361487346,1,0
8931,-0.7960377175040917,1,0
8932,-0.7824865396324904,1,0
8933,-0.5088708664872293,1,0
8934,-0.323822810765817,0,0
8935,-0.4434387190885125,1,0
8936,-0.8385835885392157,1,0
8937,-0.3897996727876246,1,0
8938,-0.7152694633306894,1,0
8939,-1.0969646618601363,1,0
8940,-0.659405231237406,1,0
8941,-0.8738718601635526,1,0
8942,-0.9099122864868442,1,0
8943,-0.6261063778085746,1,0
8944,-0.5015774150576413,1,0
8945,-0.9103525433761472,1,0
8946,-0.6133954355216215,1,0
8947,-0.3375038231087951,1,0
8948,-0.9110629444894186,1,0
8949,-0.5308930059203049,1,0
8950,-0.8053877174524549,1,0
8951,-0.9519522457011154,1,0
8952,-0.8006552509707721,1,0
8953,-1.1194658609847559,1,0
8954,-0.5235219488862325,1,0
8955,-0.9163908790693703,1,0
8956,-0.6669061227428552,1,0
8957,-0.7463043281648873,1,0
8958,-1.0064852318452666,1,0
8959,-1.1442295733122887,1,0
8960,-0.8822652161205452,1,0
8961,-0.4457146583560778,1,0
8962,-0.8743255431175129,1,0
8963,-0.8995414630072807,1,0
8964,-0.9950010777736523,1,0
8965,-0.514082392660456,1,0
8966,-0.7741334618694584,1,0
8967,-0.5710196771518322,1,0
8968,-0.3313490790088497,1,0
8969,-0.5120780730085789,1,0
8970,-1.3226184485046255,1,0
8971,-0.7437955720838774,1,0
8972,-0.9587546867662222,1,0
8973,-1.3282821822400899,1,0
8974,-0.7485802674324527,1,0
8975,-1.0573692791870481,1,0
8976,-0.9960741301717452,1,0
8977,-0.7166783148842976,1,0
8978,-0.7662445423416042,1,0
8979,-0.9660481381958103,1,0
8980,-1.186708314024143,1,0
8981,-0.37717828677808485,1,0
8982,-1.0277686426440447,1,0
8983,-1.1655278855674385,1,0
8984,-0.9140253835243889,1,0
8985,-0.6628840573744438,1,0
8986,-0.63169398133128,1,0
8987,-0.7362051243010148,1,0
8988,-1.1056296374328118,1,0
8989,-0.7925335146294676,1,0
8990,-0.44610268637849115,1,0
8991,-0.9795739393298281,1,0
8992,-0.7927543807699805,1,0
8993,-1.2253231513599943,1,0
8994,-0.683600327595979,1,0
8995,-0.5148196459030363,1,0
8996,-0.873227113981831,1,0
8997,-1.1562301144859704,1,0
8998,-0.3468791997947418,1,0
8999,-0.8408849045443673,1,0
9000,-1.2840050865604968,1,0
9001,-0.4913229999848029,1,0
9002,-1.0442180800107892,1,0
9003,-0.7203004015573639,1,0
9004,-0.8797818367771187,1,0
9005,-1.1624236613881567,1,0
9006,-1.001776666709453,1,0
9007,-1.0997838403590754,1,0
9008,-1.038748360286526,1,0
9009,-0.7681458796514107,1,0
9010,-0.9010025434277869,1,0
9011,-0.6577501368056959,1,0
9012,-0.55052279767909,1,0
9013,-0.8255219456403728,1,0
9014,-0.7984569173076883,1,0
9015,-0.48695170939622445,1,0
9016,-0.8698378441222093,1,0
9017,-1.0830642587683652,1,0
9018,-0.8563627964633669,1,0
9019,-0.9983500694393105,1,0
9020,-1.1280771322988188,1,0
9021,-0.8883945834829016,1,0
9022,-0.9113091873675178,1,0
9023,-1.139782152510946,1,0
9024,-0.6523699733588517,1,0
9025,-0.8805071393467645,1,0
9026,-0.5259411486898291,1,0
9027,-0.6919399792943509,1,0
9028,-0.7825507191723174,1,0
9029,-0.8504274431122144,1,0
9030,-0.2056545567989676,0,0
9031,-0.6538191031064206,1,0
9032,-0.5814561555629427,1,0
9033,-1.197222398039735,1,0
9034,-0.7445716281286985,1,0
9035,-0.8782446261438509,1,0
9036,-0.8993101215855587,1,0
9037,-0.7262089027792101,1,0
9038,-0.4143290929099902,1,0
9039,-1.184795026041402,1,0
9040,-0.8058414004064124,1,0
9041,-0.7696203861365686,1,0
9042,-0.9361505052995323,1,0
9043,-0.5434755891276039,1,0
9044,-0.9805305833211986,1,0
9045,-1.0263985938926745,1,0
9046,-0.978888914954143,1,0
9047,-0.9000190473071074,1,0
9048,-0.8824458040670946,1,0
9049,-1.1298381598560363,1,0
9050,-1.0441792772085483,1,0
9051,-1.0587661800677246,1,0
9052,-1.0665760185993771,1,0
9053,-0.9608500380872381,1,0
9054,-0.6830958911668433,1,0
9055,-0.8823428217250268,1,0
9056,-0.5354448844554355,1,0
9057,-1.0501534333619418,1,0
9058,-0.44004944922889366,1,0
9059,-0.41247998446707623,1,0
9060,-0.9485390744956246,1,0
9061,-0.585773741892906,1,0
9062,-1.0614555240952868,1,0
9063,-0.8782177740145447,1,0
9064,-0.7510636467758791,1,0
9065,-0.6312671505066259,1,0
9066,-0.5144569946182148,1,0
9067,-0.8459412195086308,1,0
9068,-0.6866388968437109,1,0
9069,-0.8292067364615463,1,0
9070,-1.0309250956902187,1,0
9071,-0.6150505299533288,1,0
9072,-1.1563330968280412,1,0
9073,-0.7505204075445027,1,0
9074,-1.5380163446845563,0,0
9075,-0.8953641864299089,1,0
9076,-0.9604485840001731,1,0
9077,-0.5805890678489856,1,0
9078,-0.6086107401730434,1,0
9079,-0.948331634419769,1,0
9080,-0.7129935240631241,1,0
9081,-1.2950609344157398,1,0
9082,-0.5006461478038571,1,0
9083,-1.3572097450803455,0,0
9084,-0.9856779299545981,1,0
9085,-0.8801310619972885,1,0
9086,-0.9007697266143394,1,0
9087,-0.8740016946349294,1,0
9088,-0.7466401273204054,1,0
9089,-0.3780050962980813,1,0
9090,-0.5788175650105559,1,0
9091,-0.5010341758262676,1,0
9092,-0.862427984285899,1,0
9093,-0.6641123209814997,1,0
9094,-0.8831442545074314,1,0
9095,-1.2366252420933392,1,0
9096,-0.665664433071142,1,0
9097,-0.3208484210579121,0,0
9098,-0.5823083418205255,1,0
9099,-0.6774709602336199,1,0
9100,-0.7095535007283271,1,0
9101,-0.8118021304951512,1,0
9102,-0.7157470476305133,1,0
9103,-0.825768188518472,1,0
9104,-0.25965772977639967,0,0
9105,-0.925675224086181,1,0
9106,-1.031519088396768,1,0
9107,-0.5081858421115443,1,0
9108,-0.8764074683738715,1,0
9109,-1.1462726957664064,1,0
9110,-0.8840755217612156,1,0
9111,-0.6626512405609963,1,0
9112,-0.5084186589249917,1,0
9113,-0.8322587317739327,1,0
9114,-0.7532739311118974,1,0
9115,-0.9077273788884122,1,0
9116,-0.7985733257144106,1,0
9117,-0.6332072906186786,1,0
9118,-0.6561726479784702,1,0
9119,-1.1909378194684128,1,0
9120,-0.6934144857795088,1,0
9121,-1.1643503754355549,1,0
9122,-0.8162241745589077,1,0
9123,-0.5195640630576509,1,0
9124,-1.1906527737880728,1,0
9125,-0.6782335902137865,1,0
9126,-0.8951447956811159,1,0
9127,-0.7690890975781295,1,0
9128,-0.45154702936516244,1,0
9129,-0.9903850196986919,1,0
9130,-1.070429446694171,1,0
9131,-0.9348058332857512,1,0
9132,-0.6935069928403648,1,0
9133,-0.8910063219059822,1,0
9134,-1.01389361628986,1,0
9135,-1.0780855494085806,1,0
9136,-0.8016118949621426,1,0
9137,-0.7219674466620057,1,0
9138,-1.275469945459193,1,0
9139,-1.0871505036766012,1,0
9140,-1.0279372799176623,1,0
9141,-0.6969589668480963,1,0
9142,-0.4942063580235717,1,0
9143,-0.57672221368954,1,0
9144,-0.5874676391268568,1,0
9145,-0.6878537343861152,1,0
9146,-1.057782683947045,1,0
9147,-0.8482425355137851,1,0
9148,-0.888006555460491,1,0
9149,-0.96000832711087,1,0
9150,-1.1300306984755233,1,0
9151,-0.8168838221970037,1,0
9152,-0.8970073301886844,1,0
9153,-0.6811035221879008,1,0
9154,-0.8107290780970555,1,0
9155,-0.987086781508209,1,0
9156,-1.0013125084742809,1,0
9157,-1.028570075426452,1,0
9158,-0.4211449600397543,1,0
9159,-1.0918322166831111,1,0
9160,-0.6885148574159311,1,0
9161,-0.0411421833525355,0,0
9162,-0.7548782720684322,1,0
9163,-0.6586023230632787,1,0
9164,-0.9368221036105628,1,0
9165,-0.8070040090819214,1,0
9166,-0.5873392800471999,1,0
9167,-0.9047529891805101,1,0
9168,-0.9301241202792437,1,0
9169,-0.8571522785728425,1,0
9170,-1.2358611367214527,1,0
9171,-0.4328097020579208,1,0
9172,-0.74715798981419,1,0
9173,-0.9877330030816506,1,0
9174,-0.5921225000040553,1,0
9175,-0.6486210029978512,1,0
9176,-0.6058825933432405,1,0
9177,-0.9713238439088667,1,0
9178,-0.8291425569217192,1,0
9179,-0.6428020580534183,1,0
9180,-0.9778024364913929,1,0
9181,0.20107449828198065,0,1
9182,-0.7080536175055802,1,0
9183,-0.5616174483365766,1,0
9184,-0.3901608486807262,1,0
9185,-0.8799504740507363,1,0
9186,-1.2200593963198725,1,0
9187,-0.5847902457722265,1,0
9188,-0.5105393869835939,1,0
9189,-0.5177283806793914,1,0
9190,-1.0712308794765786,1,0
9191,-0.6237140301342842,1,0
9192,-1.0755633672629161,1,0
9193,-0.8002672229483615,1,0
9194,-0.5887093287985701,1,0
9195,-0.8320527670897943,1,0
9196,-0.4842877421062486,1,0
9197,-0.6847121827963126,1,0
9198,-0.8452039662660532,1,0
9199,-1.0915456956110487,1,0
9200,-0.6920578630927959,1,0
9201,-0.8557300009545799,1,0
9202,-0.5443680535791473,1,0
9203,-0.5797861596748582,1,0
9204,-0.9657242897132295,1,0
9205,-0.9850182823164993,1,0
9206,-1.3872357370562778,0,0
9207,-1.4016554780335562,0,0
9208,-1.1603671128693844,1,0
9209,-0.6387531405557006,1,0
9210,-0.9500897111935469,1,0
9211,-0.9943668068731426,1,0
9212,-1.2087319288489384,1,0
9213,-0.9588442430436384,1,0
9214,-0.5316690619651232,1,0
9215,-0.8787863899835047,1,0
9216,-1.0726158296843202,1,0
9217,-1.1686962892865471,1,0
9218,-1.070468249496412,1,0
9219,-1.167945609979315,1,0
9220,-0.7363215327077371,1,0
9221,-0.05036234882952184,0,0
9222,-0.8228967811526378,1,0
9223,-0.2555058299366142,0,0
9224,-0.4744482071851269,1,0
9225,-0.7248896075030153,1,0
9226,-0.6332192412916104,1,0
9227,-0.8590148130804082,1,0
9228,-1.165475656700543,1,0
9229,-0.7141441820656985,1,0
9230,-0.7624299170490512,1,0
9231,-0.802853584633853,1,0
9232,-0.7516710655470799,1,0
9233,-0.9400039333943261,1,0
9234,-1.2442276405491364,1,0
9235,-0.9553534662336688,1,0
9236,-0.8593386615629917,1,0
9237,-0.9011323778991637,1,0
9238,-0.8533376532802894,1,0
9239,-0.8678335244703295,1,0
9240,-0.6165250364384867,1,0
9241,-0.6751427920991593,1,0
9242,-0.5237025368327847,1,0
9243,-0.8085038923046656,1,0
9244,-0.9104032968513226,1,0
9245,-0.9309777819285464,1,0
9246,-0.7756721478944462,1,0
9247,-0.7789047311533848,1,0
9248,-1.0132861975186565,1,0
9249,-0.5712002650983844,1,0
9250,-0.618515930025712,1,0
9251,-0.7272312017021304,1,0
9252,-1.035114322940525,1,0
9253,-0.7865996366700351,1,0
9254,-0.5581654743288478,1,0
9255,-0.7799255546845824,1,0
9256,-0.732596463692603,1,0
9257,-0.4280757601845181,1,0
9258,-0.3567590129098269,1,0
9259,-0.7725679237151645,1,0
9260,-1.0356053333050035,1,0
9261,-0.8333586363013346,1,0
9262,-1.4623671096235218,0,0
9263,-1.1411253491330071,1,0
9264,-1.0648955474300807,1,0
9265,-0.6375383030132964,1,0
9266,-0.6959366679251761,1,0
9267,-0.3566291784384501,1,0
9268,-0.7663997535505673,1,0
9269,-0.5850111119127394,1,0
9270,-0.6482837284506132,1,0
9271,-1.2235247963922529,1,0
9272,-1.3929770763962264,0,0
9273,-0.9233231546058568,1,0
9274,-0.6870269248661187,1,0
9275,-0.6225126186565344,1,0
9276,-0.882963666560882,1,0
9277,-1.159243306996116,1,0
9278,-0.7507532243579501,1,0
9279,-0.7277222120666116,1,0
9280,-1.0807107138963157,1,0
9281,-0.2017891780312392,0,0
9282,-0.8800803085221132,1,0
9283,-0.5596787836162465,1,0
9284,-0.7213346511532159,1,0
9285,-0.8217461231500606,1,0
9286,-1.2339344226740572,1,0
9287,-0.9476331839794294,1,0
9288,-0.8770417392743812,1,0
9289,-1.051368270904346,1,0
9290,-1.0551963222615535,1,0
9291,-0.7476490001786684,1,0
9292,-1.1532557247780684,1,0
9293,-0.6351593814036605,1,0
9294,-0.6583844077062057,1,0
9295,-1.3123386566941981,1,0
9296,-1.0179932872627502,1,0
9297,-0.8696050273087647,1,0
9298,-0.5629113668751823,1,0
9299,-1.298694971761738,1,0
9300,-0.7456446805267913,1,0
9301,-0.6709669909135046,1,0
9302,-0.7579168413161613,1,0
9303,-0.9536073401328227,1,0
9304,-0.6702297376709271,1,0
9305,-1.0156263163260515,1,0
9306,-0.9891567560916359,1,0
9307,-0.24157857471553412,0,0
9308,-0.7503263935332988,1,0
9309,-1.0419421407432239,1,0
9310,-1.1588552789737054,1,0
9311,-0.7927663314429151,1,0
9312,-1.1436729080162604,1,0
9313,-0.6584873900482763,1,0
9314,-1.1667427231098397,1,0
9315,-0.8298544334267105,1,0
9316,-0.9366937445309059,1,0
9317,-1.126462316061072,1,0
9318,-0.5368164085985228,1,0
9319,-0.4064924022490285,1,0
9320,-0.5476006368380804,1,0
9321,-0.8658560569477586,1,0
9322,-0.6928592958752033,1,0
9323,-0.7243478436633616,1,0
9324,-0.47784942771768313,1,0
9325,-0.5241308430491559,1,0
9326,-0.6725176276114242,1,0
9327,-0.8716869525651233,1,0
9328,-0.868130520823604,1,0
9329,-0.9528327594797215,1,0
9330,-0.8182672970130256,1,0
9331,-1.0662924483107599,1,0
9332,-0.49618530093785973,1,0
9333,-0.7497055486974435,1,0
9334,-0.7955213304020242,1,0
9335,-1.034092024017605,1,0
9336,-0.7233509214780276,1,0
9337,-0.41469174419481447,1,0
9338,-1.1954255184637135,1,0
9339,-0.6940741334176076,1,0
9340,-0.09677359863237145,0,0
9341,-0.525785937480866,1,0
9342,-1.0036003984147808,1,0
9343,-1.0649209241676671,1,0
9344,-1.142314809937825,1,0
9345,-0.7504039991377831,1,0
9346,-0.8125647604753178,1,0
9347,-0.5692989277885752,1,0
9348,-1.0704040699565849,1,0
9349,-0.6981738043905006,1,0
9350,-1.0063285452445836,1,0
9351,-0.4861890794160578,1,0
9352,-0.7113518556960657,1,0
9353,-0.6288613767676837,1,0
9354,-0.825677156849336,1,0
9355,-1.2792069651472642,1,0
9356,-1.130638117246724,1,0
9357,-0.7982629032964816,1,0
9358,-0.6074988849727098,1,0
9359,-0.5861363931777303,1,0
9360,-0.6091405533397626,1,0
9361,-0.5497855444365096,1,0
9362,-0.5310616431939225,1,0
9363,-0.9723192907024808,1,0
9364,-1.1836577941034765,1,0
9365,-1.1151467992630726,1,0
9366,-0.6094763524952779,1,0
9367,-0.8212939155878229,1,0
9368,-0.7368647719391108,1,0
9369,-0.514986807784934,1,0
9370,-0.5051084700615716,1,0
9371,-0.9096421422628759,1,0
9372,-1.1171242667856407,1,0
9373,-0.5728165567278537,1,0
9374,-1.165256265951753,1,0
9375,-1.064132917449917,1,0
9376,-0.9897641748628366,1,0
9377,-0.8095649940298266,1,0
9378,-0.5552686902254272,1,0
9379,-0.8925972367978652,1,0
9380,-1.0975855066959916,1,0
9381,-1.0389289482330781,1,0
9382,-0.6766426753219035,1,0
9383,-0.9335119147471455,1,0
9384,-0.5950849390390284,1,0
9385,-0.931365809950957,1,0
9386,-0.9942250217288312,1,0
9387,-1.1676351875613862,1,0
9388,-0.686832910854912,1,0
9389,-0.8934643245118168,1,0
9390,-0.8154107911035657,1,0
9391,-0.5420786882469275,1,0
9392,-0.8909555684308068,1,0
9393,-1.0637060866252628,1,0
9394,-0.6524087761610925,1,0
9395,-0.7485936934971071,1,0
9396,-0.639245626311899,1,0
9397,-1.176092723058206,1,0
9398,-1.2246754543948302,1,0
9399,-1.0571618391111897,1,0
9400,-1.0414511303787428,1,0
9401,-0.7655207151636784,1,0
9402,-0.8963476825505856,1,0
9403,-0.8803385020731469,1,0
9404,-0.7377691870635888,1,0
9405,-0.671484853407292,1,0
9406,-1.1776060323456043,1,0
9407,-0.6758024397372553,1,0
9408,-1.2425337433151857,1,0
9409,-0.8682349785573945,1,0
9410,-0.7187094866654836,1,0
9411,-0.4909618240917013,1,0
9412,-0.9194563004464085,1,0
9413,-0.7577616301071982,1,0
9414,-1.1188838189511414,1,0
9415,-1.0801286718627012,1,0
9416,-0.7906068005820721,1,0
9417,-0.3834748160223417,1,0
9418,-1.2980487501882965,1,0
9419,-0.8435100690321051,1,0
9420,-0.7676921966974531,1,0
9421,-0.8062548051664065,1,0
9422,-0.6244393327039327,1,0
9423,-0.8071204174886437,1,0
9424,-0.8922614376423471,1,0
9425,-0.6067362549925431,1,0
9426,-1.125556425544874,1,0
9427,-1.4293413512020958,0,0
9428,-0.6436676703756528,1,0
9429,-0.8397984260816227,1,0
9430,-0.7968913791533944,1,0
9431,-0.7881636994326091,1,0
9432,-0.8517213616508201,1,0
9433,-0.9585860494926074,1,0
9434,-0.7036061967042428,1,0
9435,-0.9616902736718835,1,0
9436,-0.7419076608387226,1,0
9437,-0.9825349029730784,1,0
9438,-1.2334031341156155,1,0
9439,-1.2122615084611488,1,0
9440,-0.6731250463826277,1,0
9441,-0.6025724044798203,1,0
9442,-1.122155205012318,1,0
9443,-0.8129915912999691,1,0
9444,-0.6369428349150275,1,0
9445,-0.823234055699873,1,0
9446,-1.3755202415629357,0,0
9447,-0.954655015793332,1,0
9448,-0.5862781783220417,1,0
9449,-0.9275899874606475,1,0
9450,-1.0092253293480042,1,0
9451,-0.7788136994842487,1,0
9452,-1.077943764264272,1,0
9453,-0.6983036388618774,1,0
9454,-0.9298405499906237,1,0
9455,-1.018614132098608,1,0
9456,-0.9544998045843661,1,0
9457,-0.5825411586339702,1,0
9458,-0.4346185323068713,1,0
9459,-0.9274989557915114,1,0
9460,-0.7981972483649319,1,0
9461,-0.7790077134954526,1,0
9462,-1.6251616844901369,0,0
9463,-0.5319660583184005,1,0
9464,-0.6918892258191756,1,0
9465,-0.6098912326469946,1,0
9466,-1.0791078483315009,1,0
9467,-0.7870772209698618,1,0
9468,-0.5633128209622473,1,0
9469,-0.7495757142260667,1,0
9470,-1.0415794894583996,1,0
9471,-0.733347142999835,1,0
9472,-0.9151103865954163,1,0
9473,-0.294365434758842,0,0
9474,-0.8344958682392573,1,0
9475,-1.1308709340601686,1,0
9476,-0.7586540945587389,1,0
9477,-0.7633999871050762,1,0
9478,-0.7657013031102305,1,0
9479,-0.9609276436917169,1,0
9480,-0.8872439254803244,1,0
9481,-0.6099688382514762,1,0
9482,-1.2040636419070854,1,0
9483,-0.868467795370842,1,0
9484,-0.705273241808882,1,0
9485,-0.8302036586468803,1,0
9486,-0.9789411438210383,1,0
9487,-0.7276699831997163,1,0
9488,-1.3568082909932806,0,0
9489,-1.0934992617877504,1,0
9490,-0.6639183069702986,1,0
9491,-0.946430297109957,1,0
9492,-0.9707940307421475,1,0
9493,-0.45819278382958906,1,0
9494,-0.5146778607587249,1,0
9495,-0.8649233143022544,1,0
9496,-0.45611085857322764,1,0
9497,-0.6833928875201178,1,0
9498,-0.7492906685457268,1,0
9499,-1.0435330556351041,1,0
9500,-1.1291128572863935,1,0
9501,-1.0814867699411368,1,0
9502,-0.6313701328486965,1,0
9503,-1.3189321822917295,1,0
9504,-0.6347205999060773,1,0
9505,-1.012613123815906,1,0
9506,-0.929140624158567,1,0
9507,-1.0898532737688176,1,0
9508,-0.532419741272358,1,0
9509,-0.8918092300801095,1,0
9510,-0.8960118833950703,1,0
9511,-0.5097767570034273,1,0
9512,-0.9275511846584039,1,0
9513,-1.2207712728248636,1,0
9514,-0.8189537967804306,1,0
9515,-0.9695254889411281,1,0
9516,-0.9503225280069916,1,0
9517,-0.8869469291270499,1,0
9518,-0.46999931099206693,1,0
9519,-1.135798889944778,1,0
9520,-0.8543077233363144,1,0
9521,-0.9674316130118321,1,0
9522,-0.7266103568662724,1,0
9523,-0.6737205144808966,1,0
9524,-0.7742871976867044,1,0
9525,-0.742928484369923,1,0
9526,-0.7937110247613538,1,0
9527,-1.070842851454168,1,0
9528,-0.46379233802522624,1,0
9529,-1.0461194173205957,1,0
9530,-0.5130361923916721,1,0
9531,-0.8155525762478771,1,0
9532,-0.7291444896848742,1,0
9533,-0.6643063349927064,1,0
9534,-0.749007098257104,1,0
9535,-0.9655825045689181,1,0
9536,-0.9724103223716168,1,0
9537,-1.0072463864337133,1,0
9538,-0.8555613636809595,1,0
9539,-0.5458679368018915,1,0
9540,-0.7574512076892692,1,0
9541,-1.1228417047797228,1,0
9542,-1.1010643328330265,1,0
9543,-0.46787710754174483,1,0
9544,-1.2700002257349352,1,0
9545,-0.6312029709667988,1,0
9546,-0.7520590935694904,1,0
9547,-0.9099257125514959,1,0
9548,-0.6478583730176846,1,0
9549,-0.6347191245143546,1,0
9550,-1.203015966246579,1,0
9551,-1.0042092925777013,1,0
9552,-0.4177691162447844,1,0
9553,-0.7317442774350202,1,0
9554,-0.7279804056176425,1,0
9555,-0.8719212447702906,1,0
9556,-0.8630622551864087,1,0
9557,-1.1077100872974532,1,0
9558,-0.5293289431577308,1,0
9559,-0.6699969208574796,1,0
9560,-0.9427186541594745,1,0
9561,-0.7371229654901446,1,0
9562,-0.6906475361474651,1,0
9563,-0.6014083204125914,1,0
9564,-0.8580581690890404,1,0
9565,-1.0513055667562388,1,0
9566,-0.7249940652368059,1,0
9567,-0.3818585243928724,1,0
9568,-0.841763942931259,1,0
9569,-0.7720246844837908,1,0
9570,-0.7400451263311542,1,0
9571,-1.1139573384582546,1,0
9572,-1.095478204702044,1,0
9573,-0.8723600262678738,1,0
9574,-0.9975740133944894,1,0
9575,-1.1822086643559078,1,0
9576,-0.7789301078909711,1,0
9577,-0.8112200884615367,1,0
9578,-1.1602387537897274,1,0
9579,-0.893359866778029,1,0
9580,-0.3672716215336963,1,0
9581,-0.6595872945756781,1,0
9582,-1.2480676425792732,1,0
9583,-1.3378008194620676,1,0
9584,-0.7076655894831724,1,0
9585,-1.5360000743597446,0,0
9586,-0.9227276865075851,1,0
9587,-0.7801329947604407,1,0
9588,-0.9697971085568136,1,0
9589,-1.2934834455885142,1,0
9590,-1.128375604043813,1,0
9591,-0.7962839603821908,1,0
9592,-1.2343224506964652,1,0
9593,-1.0581453352318693,1,0
9594,-0.864742726355705,1,0
9595,-0.9174773575321205,1,0
9596,-0.6189830390443241,1,0
9597,-1.0119027227026345,1,0
9598,-0.8808563645669343,1,0
9599,-0.9053738340163653,1,0
9600,-1.102991046880422,1,0
9601,-0.9732759346938485,1,0
9602,-0.32637036964906774,1,0
9603,-1.1020732056912952,1,0
9604,-0.8051683267036619,1,0
9605,-0.6567293132744956,1,0
9606,-0.8718302131011546,1,0
9607,-0.942667900684302,1,0
9608,-1.406349141712998,0,0
9609,-0.5863811606641095,1,0
9610,-0.785822105233494,1,0
9611,-1.5253830080020818,0,0
9612,-0.8929464620180322,1,0
9613,-0.7875562806614056,1,0
9614,-0.7050926538623298,1,0
9615,-0.5065426983527688,1,0
9616,-0.9314822183576821,1,0
9617,-0.755951324466525,1,0
9618,-0.9074303825351376,1,0
9619,-0.7848266584398828,1,0
9620,-0.9882777177047442,1,0
9621,-1.3845717697663018,0,0
9622,-1.2358745627861045,1,0
9623,-0.7055448614245702,1,0
9624,-1.1037671029252434,1,0
9625,-0.5699585754266739,1,0
9626,-0.6563786126626087,1,0
9627,-0.9403009297475978,1,0
9628,-0.38452249168284824,1,0
9629,-0.9366041882534926,1,0
9630,-0.857798500146284,1,0
9631,-0.7179334306206625,1,0
9632,-0.9711820587645553,1,0
9633,-0.5803682017084755,1,0
9634,-1.0773229194284166,1,0
9635,-0.9213695884291523,1,0
9636,-0.9329298727135282,1,0
9637,-1.1792477007126574,1,0
9638,-0.7585123094144303,1,0
9639,-0.4813014017254119,1,0
9640,-0.7723992864415496,1,0
9641,-0.7226912738399316,1,0
9642,-1.0034451872058148,1,0
9643,-1.0112176983269494,1,0
9644,-0.5597951920229716,1,0
9645,-0.842074365349188,1,0
9646,-0.7509591890420886,1,0
9647,-1.0245106826475197,1,0
9648,-0.9211890004826029,1,0
9649,-1.4807044582354212,0,0
9650,-0.8751150252269857,1,0
9651,-1.131788775249301,1,0
9652,-1.000212603946879,1,0
9653,-1.1802819503085122,1,0
9654,-1.1178883721575272,1,0
9655,-0.7137561540432907,1,0
9656,-1.0084104705009422,1,0
9657,-1.0811255940480324,1,0
9658,-0.650328326296451,1,0
9659,-0.6678105378673305,1,0
9660,-0.9373145893667639,1,0
9661,-0.8783864112881623,1,0
9662,-1.0707532951767518,1,0
9663,-0.464141563245396,1,0
9664,-0.8602176999498806,1,0
9665,-0.7991031388811298,1,0
9666,-0.9798067561432755,1,0
9667,-0.9063946575475657,1,0
9668,-0.3535906091907154,1,0
9669,-0.5717957331966533,1,0
9670,-0.889260195805136,1,0
9671,-0.9822498572927357,1,0
9672,-0.9680390317830384,1,0
9673,-0.7511920058555333,1,0
9674,-0.7604390234618258,1,0
9675,-0.6523311705566109,1,0
9676,-1.1617386370124716,1,0
9677,-1.1735451641749495,1,0
9678,-1.3654732665659557,0,0
9679,-0.750636815951225,1,0
9680,-0.9760309336529632,1,0
9681,-1.2664452693851358,1,0
9682,-0.632728230927132,1,0
9683,-0.8192627438066397,1,0
9684,-0.799943374465778,1,0
9685,-0.8121647817799726,1,0
9686,-0.6780395762025798,1,0
9687,-0.8132244081134166,1,0
9688,-0.9452154595675555,1,0
9689,-1.1555062873080475,1,0
9690,-0.5010744540202283,1,0
9691,-0.7056090409644,1,0
9692,-0.9951428629179637,1,0
9693,-1.1827265268496951,1,0
9694,-1.0372872798660226,1,0
9695,-1.0860774512785083,1,0
9696,-0.7189930569541036,1,0
9697,-0.5784683397903834,1,0
9698,-0.6560562395717451,1,0
9699,-1.4062461593709301,0,0
9700,-1.3454554467847601,0,0
9701,-0.9272153855028886,1,0
9702,-0.8972267209374746,1,0
9703,-0.5411474209931433,1,0
9704,-0.6767337069910395,1,0
9705,-0.5576610378997149,1,0
9706,-1.5126840163880606,0,0
9707,-0.7080401914409257,1,0
9708,-0.9905268048430033,1,0
9709,-0.9830647161397976,1,0
9710,-0.7798479490801008,1,0
9711,-0.9359699173529801,1,0
9712,-0.45757193899373105,1,0
9713,-0.6173398952855486,1,0
9714,-0.9148133902421418,1,0
9715,-0.9442453895115277,1,0
9716,-0.6080943530709759,1,0
9717,-0.7415450095539011,1,0
9718,-0.7612658329818223,1,0
9719,-0.7581496581296088,1,0
9720,-0.8193403494111184,1,0
9721,-0.809964972725169,1,0
9722,-1.0399378210913468,1,0
9723,-1.2339866515409526,1,0
9724,-0.8136900417403059,1,0
9725,-1.1378927658740712,1,0
9726,-0.9378578285981376,1,0
9727,-0.9416202250237954,1,0
9728,-0.8519541784642676,1,0
9729,-0.735105219773613,1,0
9730,-0.9497927148402724,1,0
9731,-1.1782000250521507,1,0
9732,-1.0708443268458878,1,0
9733,-0.741713646827516,1,0
9734,-0.6401246646987879,1,0
9735,-0.718851271809795,1,0
9736,-1.1823131220896954,1,0
9737,-1.0064330029783712,1,0
9738,-0.8143496893784019,1,0
9739,-0.3473194566840504,1,0
9740,-0.9697329290169865,1,0
9741,-0.7973062593051111,1,0
9742,-1.1016344241937093,1,0
9743,-0.48536079450434144,1,0
9744,-0.49646887122648253,1,0
9745,-0.7999836526597415,1,0
9746,-0.8724764346745961,1,0
9747,-0.7529515580210339,1,0
9748,-0.5127108685173687,1,0
9749,-0.3765693926151642,1,0
9750,-0.5072933776600008,1,0
9751,-0.8183971314844024,1,0
9752,-0.7882144529077845,1,0
9753,-0.7669817955841818,1,0
9754,-0.5529031946804458,1,0
9755,-0.5779504772965988,1,0
9756,-0.5422085227183043,1,0
9757,-1.133108070525493,1,0
9758,-0.7053896502156071,1,0
9759,-0.995763707753819,1,0
9760,-1.143414714465227,1,0
9761,-1.0050226760330432,1,0
9762,-0.5969459981548741,1,0
9763,-0.8501961016904869,1,0
9764,-0.8043668939212545,1,0
9765,-1.0058241088154507,1,0
9766,-0.9356341181974676,1,0
9767,-0.7219405945326995,1,0
9768,-0.9116449865230358,1,0
9769,-0.9264781322603083,1,0
9770,-0.8086337267760424,1,0
9771,-1.2133882651178596,1,0
9772,-0.6765531190444873,1,0
9773,-1.1277025303410626,1,0
9774,-0.5629635957420775,1,0
9775,-1.1243147358731609,1,0
9776,-0.7315756401613999,1,0
9777,-0.9401725706679437,1,0
9778,-1.1442683761145296,1,0
9779,-1.1236685142997165,1,0
9780,-0.6511819879457537,1,0
9781,-0.7280580112221241,1,0
9782,-1.3157384018350315,1,0
9783,-0.8280172756567311,1,0
9784,-0.7947587004218576,1,0
9785,-0.4867323186474315,1,0
9786,-1.1558540371364945,1,0
9787,-0.9123434369633726,1,0
9788,-0.8643815504626007,1,0
9789,-0.8119304895748108,1,0
9790,-0.6444825292227147,1,0
9791,-0.663815324628228,1,0
9792,-1.1791312923059376,1,0
9793,-1.6118149959109513,0,0
9794,-0.4375033657373628,1,0
9795,-0.7353514626517121,1,0
9796,-0.6833540847178771,1,0
9797,-0.7373304055660029,1,0
9798,-0.5786101249346948,1,0
9799,-1.1717468092072136,1,0
9800,-1.0009618078623939,1,0
9801,-1.0531009709405348,1,0
9802,-0.7547364869241208,1,0
9803,-1.400439165099432,0,0
9804,-0.8362419943401006,1,0
9805,-1.0255449322433718,1,0
9806,-1.360455754403933,0,0
9807,-0.4020972103145809,1,0
9808,-1.377615592883949,0,0
9809,-0.46182682117558715,1,0
9810,-0.7794733471223447,1,0
9811,-0.7514516747982869,1,0
9812,-0.6759710770108729,1,0
9813,-1.1592298809314616,1,0
9814,-0.5597817659583171,1,0
9815,-0.9253662770599747,1,0
9816,-0.8416341084598822,1,0
9817,-1.4543632570806624,0,0
9818,-0.5897958072613174,1,0
9819,-0.6623020153408293,1,0
9820,-0.2899419153033683,0,0
9821,-0.3560083336025921,1,0
9822,-1.096667665506862,1,0
9823,-0.36065124380685876,1,0
9824,-0.5978518886710721,1,0
9825,-0.8040176687010819,1,0
9826,-0.5377864786545505,1,0
9827,-1.0776840953215183,1,0
9828,-0.1092771008434662,0,0
9829,-0.7739513985311863,1,0
9830,-1.2358357599838636,1,0
9831,-0.7759303414454799,1,0
9832,-1.3404513606873918,1,0
9833,-0.7998269660590557,1,0
9834,-0.5105259609189394,1,0
9835,-0.7778958582951162,1,0
9836,-0.789262128568291,1,0
9837,-0.7269715327593768,1,0
9838,-0.5865751746753134,1,0
9839,-1.3070360988518352,1,0
9840,-0.9022830359017381,1,0
9841,-0.47570184752977196,1,0
9842,-0.7868832069586551,1,0
9843,-0.8906317199482261,1,0
9844,-0.40932500681262196,1,0
9845,-1.217913291523684,1,0
9846,-0.7342918363182738,1,0
9847,-0.890515311541501,1,0
9848,-1.061818175380111,1,0
9849,-0.8755538067245716,1,0
9850,-0.41364406853430513,1,0
9851,-1.1727303053278904,1,0
9852,-0.5026773195850431,1,0
9853,-0.7031644644232143,1,0
9854,-0.699854275559797,1,0
9855,-1.2537970312462898,1,0
9856,-0.820065651980767,1,0
9857,-1.2058739475477587,1,0
9858,-0.6976827940260222,1,0
9859,-0.7029838764766622,1,0
9860,-0.8419325802048766,1,0
9861,-0.654051919919868,1,0
9862,-0.970470182259564,1,0
9863,-1.3433078665968519,1,0
9864,-0.5350314796954359,1,0
9865,-0.5519585013620071,1,0
9866,-0.9272407622404749,1,0
9867,-0.7323114180122603,1,0
9868,-1.0115923002847054,1,0
9869,-1.1402851135483616,1,0
9870,-0.5007640316022993,1,0
9871,-0.4835907670576317,1,0
9872,-1.16919925032396,1,0
9873,-0.9528969390195513,1,0
9874,-1.009923779788341,1,0
9875,-1.036408241479131,1,0
9876,-1.07741247570583,1,0
9877,-0.9612365907179288,1,0
9878,-0.765002852669891,1,0
9879,-0.9148133902421418,1,0
9880,-0.38088845433684737,1,0
9881,-1.0291655435247182,1,0
9882,-1.2191937839976352,1,0
9883,-0.8756314123290532,1,0
9884,-0.56473509858051,1,0
9885,-0.8566612682083641,1,0
9886,-0.6394784431253464,1,0
9887,-1.0738052904891382,1,0
9888,-0.6673837070426791,1,0
9889,-0.6904669482009129,1,0
9890,-0.8160435866123555,1,0
9891,-0.7374080111704845,1,0
9892,-0.9312225494149257,1,0
9893,-0.8280963566529326,1,0
9894,-0.5203938233610872,1,0
9895,-1.0021646947318636,1,0
9896,-1.0972631336051282,1,0
9897,-0.4233164415735291,1,0
9898,-1.1428072956940234,1,0
9899,-0.9825095262354894,1,0
9900,-1.2261111580777473,1,0
9901,-0.9952338945870998,1,0
9902,-1.3428556590346115,1,0
9903,-0.8360091775266559,1,0
9904,-0.7339291850334495,1,0
9905,-1.15333333038255,1,0
9906,-1.0659044202883465,1,0
9907,-0.5230309385217541,1,0
9908,-0.7100325604198737,1,0
9909,-0.6865747173038811,1,0
9910,-1.3449256336180382,0,0
9911,-0.500555116134721,1,0
9912,-1.0958393805951454,1,0
9913,-0.5069187757022475,1,0
9914,-0.5970892586909055,1,0
9915,-0.4612194024043864,1,0
9916,-1.02884317043386,1,0
9917,-0.9119688350056165,1,0
9918,-0.7240105691161292,1,0
9919,-1.3758052872432758,0,0
9920,-0.5523465293844176,1,0
9921,-0.6990140399751488,1,0
9922,-0.7916290995049896,1,0
9923,-0.21049148101443815,0,0
9924,-0.5443292507769038,1,0
9925,-1.096254260746865,1,0
9926,-0.7839222433154075,1,0
9927,-0.830436475460325,1,0
9928,-0.7437433432169849,1,0
9929,-0.9761861448619263,1,0
9930,-0.7114026091712411,1,0
9931,-0.6753368061103632,1,0
9932,-0.3324475081445316,1,0
9933,-0.7088296735504013,1,0
9934,-1.0410496762916805,1,0
9935,-0.3748232665143181,1,0
9936,-0.6308910731571526,1,0
9937,-0.6344997337655645,1,0
9938,-1.1019045684176776,1,0
9939,-1.2524135564302679,1,0
9940,-0.39644542725205123,1,0
9941,-0.5186596479331756,1,0
9942,-0.6532116843352198,1,0
9943,-0.9895582101786982,1,0
9944,-0.8904242798723649,1,0
9945,-1.174022748474779,1,0
9946,-0.5094917113230846,1,0
9947,-0.7133427492832911,1,0
9948,-0.5014863833885053,1,0
9949,-1.0123817823941783,1,0
9950,-0.7494339290817553,1,0
9951,-1.002488543214447,1,0
9952,-0.3199440059334341,0,0
9953,-1.1064952497550489,1,0
9954,-0.6918116202146968,1,0
9955,-0.9797425766034457,1,0
9956,-0.9141417919311112,1,0
9957,-1.0291909202623073,1,0
9958,-0.7545812757151549,1,0
9959,-1.0382439238573933,1,0
9960,-0.47354231666893176,1,0
9961,-0.5508600722263252,1,0
9962,-1.002618377685824,1,0
9963,-1.3624854507933992,0,0
9964,-1.4786747618459577,0,0
9965,-1.2951131632826325,1,0
9966,-0.7898695473394945,1,0
9967,-0.5512988537239111,1,0
9968,-1.1720199042146189,1,0
9969,-0.7187736662053135,1,0
9970,-0.7063850970092184,1,0
9971,-0.9045067463024081,1,0
9972,-0.7670086477134908,1,0
9973,-0.8212939155878229,1,0
9974,-0.8742091347107905,1,0
9975,-0.7999568005304325,1,0
9976,-0.82501750921124,1,0
9977,-0.8884333862851423,1,0
9978,-0.9954413346629554,1,0
9979,-1.5822038840867358,0,0
9980,-0.9551982550247057,1,0
9981,-0.503401146762969,1,0
9982,-0.8555882158102684,1,0
9983,-0.982870702128591,1,0
9984,-0.9465093781061612,1,0
9985,-0.791679852980165,1,0
9986,-0.5240263853153654,1,0
9987,-1.096345292416001,1,0
9988,-1.0390841594420441,1,0
9989,-0.8644725821317367,1,0
9990,-0.9378951560086585,1,0
9991,-0.9318568203154354,1,0
9992,-0.983272156215656,1,0
9993,-1.270297222088207,1,0
9994,-0.914114939801805,1,0
9995,-1.3468777244030228,0,0
9996,-0.6125417738723188,1,0
9997,-0.6244766601144508,1,0
9998,-0.8757224439981892,1,0
9999,-0.967057011054076,1,0
10000,-0.627283887940458,1,0
